1,0427e16c-407e-40f0-9856-a8ef5f9456e8
1,078261f1-3820-4204-8506-354b042231bd
1,0836419e-91de-4fd0-8fa2-84f326504980
1,09ab60df-2904-4977-9b9b-264a60fd11b5
1,155ea03c-aca7-476d-9bbc-f474330df532
1,19d2f2b7-c729-4d96-bf49-bc9bc48d5441
1,21ade0f1-1642-448d-81dd-60f8d9c780b8
1,228c5d0d-d512-4b0a-85cb-249ec17c3d95
1,26579145-4164-4a01-b01f-2cbbc3a8aba6
1,268f1917-f1d5-48ed-a816-863f2d5be85f
1,27d00927-ddc0-4d2c-ae4d-187af51aad43
1,2940a48b-e270-496f-9d1a-6cecb87ab3d3
1,29b1955e-d07d-4f8c-b798-7008686f5bc2
1,29d87241-d533-405b-81ac-c554bdb0976d
1,2f39b024-9627-415f-9b07-c1c1d1312196
1,31742cb3-ce0d-4397-96fc-aec00757bc3d
1,33cca94c-4b2a-4d16-b3f0-9e8b073acafc
1,39b28375-0dfd-4a6a-b1e7-f5c761f82844
1,3a361de5-01bc-4de7-a52e-0f43655901e1
1,440c1fc4-d20e-4d17-a519-f0b731433995
1,4c48c8c0-fd72-4445-92b2-580c4bd5202d
1,53cfbbf7-a593-4098-a97b-2edb96d35de3
1,54e9519b-2093-4a27-845e-9f6343b7db7c
1,5c1fd448-95db-4cef-8cb9-038faca1dc23
1,65d3035a-5828-45e6-bdc5-02e17e9755b4
1,70f873ba-f29b-4d69-8348-dd1e1a885a7e
1,750e0e64-9a05-46a6-b04f-a1493eb8b426
1,7fc1c0c0-cdaf-483d-b5ce-190235353306
1,849f08d2-fc21-4a78-851b-311c9b4c115a
1,91aa2eab-14d5-4785-a0ba-de8ae10cf3bc
1,91acd796-3796-4498-8344-bcd1311cb29d
1,949b8f8d-c166-4294-80cb-ff6efb50c1c7
1,957d9529-eb2f-4e45-a150-d5b35f2069ac
1,95f0603e-befe-4004-9170-75e29bb0cae6
1,987e6b1e-b3f0-4ffd-a9fd-4f4b384d7c78
1,9a1f8aeb-ff04-4fa5-aab0-40165d789438
1,9e21147a-5710-4efb-8660-6874dbb186d2
1,9ed3679b-bcd8-4df6-9361-c3d3af8199d1
1,9f60d609-ca70-467f-ac48-cf8fa5de6f0c
1,a1dd0b81-89bb-42c2-8c22-5c8d2e6c4bb1
1,a2ed4388-dfc2-4b5a-af94-542a85a86688
1,a62acd2b-a00d-45f4-acf4-6280111a45af
1,a897f191-4020-4580-a515-05e1b0c78b93
1,abe77ecc-b280-4b2c-b04e-7a2338237bfb
1,aef89fdc-fac9-45fd-85eb-cda22f98009b
1,bd2aa92a-9468-4ae0-a74f-203838c4945a
1,beafca1d-bc81-4acc-b605-f091f31bf97f
1,c22aad69-8d9a-4dee-93b9-25ca5a5f695a
1,c243df7b-8edf-4cef-a061-f4b17a5c0e6b
1,c5367659-ba3b-436d-bedf-7d4a020a16b0
1,cb68cec1-e1c8-4965-adc1-65a686219ce1
1,cdabecfb-4b60-4bb6-9145-7a029bb7571d
1,cece32fc-2b35-493f-b651-ec7729ca414f
1,d531cdda-a7a4-4ad2-98be-51d4434210d4
1,dbce14d1-f164-444d-9300-f2b2209617c1
1,dd316ada-ebd2-4df5-84f5-b856918f3cec
1,de1d54fe-d987-4464-82f8-9816d55ae693
1,df619a12-3e71-4d09-90fc-ad72a84274d8
1,e04c8ee2-2cbb-4f63-9df5-26499fd4a530
1,e3b81d24-013e-4e5a-b31b-4cca3852500d
1,e48da0ce-469b-4f2e-ba92-e68772f7a5c7
1,e9dabfbe-c0c1-41ed-bd21-3870b09d545d
1,e9f56dee-a153-4015-903d-513c0ee1bbdf
1,ec8b6afc-fcef-4313-83fd-80a04edcfd75
1,f75f0ccd-94f7-4aee-9dac-0366dcb369a6
1,fe5fdecf-0a22-485d-8afc-2d710c2156ba
2,015af13a-77bf-44d6-9388-efbf8d30465c
2,047d06c4-28f3-4b02-b2e6-73fb1128019f
2,0c0899fb-ff24-4978-b624-ad82cccb92a0
2,0c3eea77-d968-4d13-ab27-7367cdef64b1
2,0e6b5e87-a9e9-4dd9-8bc0-2a03403b01ee
2,1226db86-461c-498b-9957-11ee18249adb
2,13d7812b-e073-42b7-972f-dc3c3a271b43
2,17587b80-86ee-44f5-8fac-72040c6c560d
2,1b164a5a-36a3-4696-844c-3c0b943e8020
2,2006c73c-eb87-492e-a604-d9cdd3e116d8
2,20d3e1ff-b9ea-46f2-b094-8fb46d27374e
2,26c55154-4508-4435-9541-c500e42c9fe8
2,2a56aafb-a137-4b72-b240-4464e064b3c7
2,2c6f9996-35fc-4648-8748-2582622e5e1f
2,2fcce880-f9d5-4601-b0f0-a4abc26b8b5d
2,316e623d-641d-453c-9ad1-424a468156b0
2,318a3e70-d58b-49d1-a775-b06ad1edae32
2,3836343d-b882-4cab-9ff2-293df34ea290
2,395a5121-ddc1-4755-a0e0-fe82540a4b1d
2,3ed9c9b9-00c5-44a5-ab73-a7f26d650b6c
2,41305371-c75e-4e77-acd0-ed15743a8e88
2,475d3b0e-a591-49b0-bc23-e033b3728d38
2,47621f62-3858-42a5-b434-5103860a9ddd
2,523f732c-9b38-4c5b-9194-6aa1acb5de5e
2,53fc8805-6307-4b43-a8db-484842c7f46b
2,590d2b3b-4c1c-4b47-93bb-89fbd5d5f1ee
2,5b32cd40-3a1f-4e00-a8d5-6cb943d7e43b
2,6b6432eb-cbeb-4c5d-9477-19bbabcc5080
2,6e14a4d8-434a-4a12-97ce-003c70ad156b
2,705ca6f1-9bdd-4390-9d34-8b22c5dd5a1b
2,776d958b-4da6-465f-9cae-d12e0a03e1ee
2,7d8dc2ab-9b89-4aaa-a2c1-506919be738f
2,7f5e6384-8fc6-4a0b-99fe-f57b7802c2b9
2,83e68c6f-0724-4863-b3c4-2814b58d527c
2,84278bb8-9827-4d97-af7a-f96eca100cbf
2,844c3a7d-53e9-4dc8-bf05-fca2d1374802
2,88f8b5e6-cffe-43a9-b28f-05a91c81341a
2,8b7e4db7-864f-4a60-b0cf-0f9700ad94b8
2,909e447f-6bcd-41d2-bd9f-85f0bc538196
2,94f2b15c-6659-4c12-95b1-5b9af9ab1f48
2,98232304-4b4d-46c9-bfd4-5963e1722e09
2,9dc9f734-a3d7-4ee5-b061-9cfc1a3123d8
2,9fa3a7ec-f5e6-4f74-8e39-dd7c06a5d964
2,ae547ce4-9f74-45d2-a2b0-860c37c6fe5a
2,af906865-bde3-4540-8015-233170f3e774
2,b0bc1358-5229-4c1b-bbe0-f994f8798f3a
2,b3a60310-c119-435c-9ea6-2b48557bdfd3
2,b71c2a81-2c52-4fbf-a4cc-152c47a01caf
2,baa3d598-e4c8-4421-b3ca-b7e95da26d91
2,bb3861ec-2f5f-435f-bddb-052e8f45d3af
2,be564704-9890-4894-ac78-45c4fa734677
2,beda79f8-7ecd-4f1f-8dae-0d0b31bc21cd
2,c17f552d-bc8e-44e8-abe6-7dfe86897992
2,c3969b07-0ac7-4e35-96fc-7abc2cba76ec
2,cbeb7660-03c0-43b0-8ca7-4851cb7ab4b2
2,d026028a-309a-4391-ac9f-597ed93e3665
2,d46b694e-c926-4b86-b82b-f3bd2d81a307
2,d7e478cb-41a0-48d0-8200-bccfbbb7bf8c
2,ddbdb486-5168-4ffb-88a3-9797596dfc02
2,deca334e-794d-4634-994d-d2608a1cd53b
2,e085ff12-ccbd-487f-a596-8ac9b2b19e8d
2,e582d3bd-44b3-44c2-bbda-a19dd788c027
2,e76144fb-a352-48e9-b42b-c821c377be3e
2,f1c99fea-7c54-49b1-ba78-64f4c6f90955
2,f4447e4b-de26-4d98-ae49-1ffc3697892f
2,f65bc296-50d8-4d1e-93e0-a6ce12e71386
3,071dc41e-75ae-4432-9cee-487aa6dfc18f
3,0d1be995-9d5c-44c0-9ac8-c782a952650b
3,0d21c776-c258-495b-aa85-b3a5a942a998
3,1e27f857-7e17-431c-82f5-0253c7a221cb
3,200b81a7-baef-491c-84ae-2f89dfc06f60
3,24059357-a216-4e9a-bac5-0d1c91133ad0
3,254394c0-220b-4f9c-9032-2ee1a8ce9d3c
3,2a84e8a4-e18d-41c6-9f0c-77836ad2ba17
3,2ac74d10-58a5-47c9-8963-a772ee6286c4
3,2c799ca9-67f2-45b4-99d6-4adcceda4966
3,35679eef-d373-45fa-a006-52eec2e40df9
3,38172220-9f3c-447b-b72a-9345547879be
3,38665e5e-50d6-4fea-bcb2-899edfbd7ecc
3,3afb1e77-b5f3-438f-a8bb-0f26ee4b6258
3,3ca966a2-0bf8-459e-8c04-6fc28ea5a39f
3,3dbe1506-a4a1-4aab-aaeb-39f1be16d960
3,3f5ba691-9731-4ed0-81c7-efe16225b706
3,44cd6b40-7431-4991-a558-66b900c4cc2a
3,477ca770-ef3d-46b9-bfdc-a3f63cc31e95
3,496a115f-ffd6-4523-8efe-d8cb6a1fdbb0
3,5668b2a8-42fa-43fa-8ff8-51f927108181
3,56c8bd00-df04-4fe4-8f16-481564b85439
3,5a2bae73-dae6-4b06-916c-f1a4867555c9
3,5a80438c-b723-44ab-847e-e652d1a7fbd1
3,5d7556eb-13b6-415d-afce-c9795ef66410
3,67ceba10-6054-4857-9c92-fcb20deb8a04
3,6a1b53a0-378c-4259-9c8e-12fc6943e338
3,6b6976b8-9c86-4cf8-bea7-2984146d6d37
3,6df36589-5f39-4921-aebd-2b622029428d
3,6fc0bd62-6fb3-41f2-be1c-d5609c74f5e6
3,74f94bdc-870c-4ee4-929f-4630cb1c895c
3,7889ba83-dedc-404a-8e3d-ea39f75a4fe9
3,79670ae7-0161-47b0-b320-44524c3ddf1d
3,7b6dffd5-7980-4ad0-87f6-87d11ba1e4cb
3,9059760b-20d8-46e1-9fd0-60b0b71d28bd
3,9278af60-e12a-42bb-a998-2142b29e301a
3,95937673-0ec0-4601-b946-a1e19b98f570
3,9c77f70c-332c-4048-9cc6-80f4950ff085
3,9e7ccc62-b392-4f55-83b8-166c01970fab
3,aa688fb9-0e22-4e27-8f67-598ce173a86c
3,ab7bbedd-761a-4695-9612-1cfbf395bfe5
3,b5bcb7f5-a722-44a4-a6ca-6a40aa0fc9e3
3,b68f3f32-ac09-4cfa-a0d2-d6dbbb737993
3,bcac82bb-310c-4995-9c3d-1bb940c14001
3,bef99adf-601f-43ed-b9a4-c37e54a7d6d4
3,c18d76e5-ce5f-4f49-ae2a-0667193985dd
3,c6b15cee-f3b6-4679-93bc-18400eac6db7
3,c96d2335-8a08-4bcf-826b-6b4e6525a7f2
3,ce2e24a4-0bed-4007-8cd6-a47d74be4d4a
3,d26e6d66-e71a-416a-89e4-20cd5ad28f32
3,d640f2d8-e79d-401c-a0f1-b26f36617d5c
3,dbcd6789-543a-409b-82f7-631cd5b82ac8
3,debb2e05-bbc1-4fd1-84b3-27e107a58c35
3,e262a886-e774-4485-a3b3-046f69149407
3,e40c370f-74f3-4187-bead-79f4b2856438
3,eae697ad-1ab9-419f-8cd8-171952af0d32
3,ee1165bb-1e57-46bb-8219-2df7a6c754e0
3,f2d8c5bb-4f76-4874-803a-aa28b50da295
3,f80620cf-549f-4209-8deb-98dcfba44148
3,fb078d3c-776c-4cb3-90af-4aa1ba0c01e5
4,06626c4c-4611-4d4a-bd55-66d953386732
4,0712bc91-1d4c-4b6a-9750-08ae84446eab
4,0d3f80ed-cb78-40c6-ae24-dac9fb945428
4,118898bc-16a6-4777-9e07-d27f6b16d95c
4,19dea76d-e913-45ce-bf54-1163a36f4acc
4,1c984567-55a0-4f99-937c-874221c8d8b6
4,1f3fef05-8085-4c4b-9273-e6b4f260b4b8
4,202fad5c-7d42-4e85-9611-338139adbf80
4,21e70129-0201-47bb-8e2b-a2ac40b68cef
4,2ba34b84-3efa-46a1-96c1-d160153cca2c
4,30de0230-e399-43df-b16a-6d31b7eea897
4,34766979-d9a1-4e52-8973-a8d708cbea31
4,3c917e9d-26de-434e-9ad0-359b948d3432
4,3ec27dc5-8373-43c1-bf75-c450a92902c5
4,417a1049-b5a3-4c6e-97c4-b6786747caae
4,42995a83-1a46-4127-9d49-f8850470d162
4,44de6aee-6161-4430-a47c-b81ac34eeef6
4,4a8a7e4f-9a5b-4a40-b7ae-c29deaff4261
4,502a6f6a-d3cd-4df2-9e48-f9a6b4219754
4,508d078a-5ee0-48fc-9081-96ab8745834e
4,56269391-1c2f-4c8d-8c7b-dcddbeb9d947
4,58aec867-1b19-4692-972e-1f8596b3b505
4,5c052a08-f67a-472e-b7f2-ff1899d4d2d4
4,5e3b056e-93de-4271-af3a-9f64c1dd5f1a
4,6311f2c5-5062-4066-a650-680097d5d6fc
4,6379a5ce-d4c4-4aff-a548-33cdccf5740b
4,6400aa28-8f53-4ba0-9daa-fb6e099ad5cf
4,69afa8e8-6281-4f13-a0a1-56a38778d67c
4,744f7f71-8340-4bac-a820-fcdc5fc7dab6
4,7691be02-1851-48dc-82d6-fbdfcf86af7c
4,79ac8491-9445-4386-be19-07771b034c5e
4,79fcf8a8-280b-4e17-aa92-543487a54c02
4,8037f745-6b37-4a53-80b6-5c2c1ddf5aa7
4,889fe767-5889-466d-bced-50085e124f5c
4,8d8ebf55-316e-4a1a-a787-3c809eb112ed
4,8ea104bb-3795-4790-bcac-f59a3c3f7fa5
4,8eaa242a-3dd3-4379-a052-3dc2475c6d9f
4,95487cb9-0cb3-4d65-9004-8773906805c1
4,972a48d0-beda-4886-ad80-4a548a470186
4,a34a9c5a-e6a0-4a99-a682-bcc3e7e93c97
4,a3c0f7b4-4979-4926-b8c9-aab5a83425db
4,a454722e-0c71-4c97-9394-4086256a1ce1
4,ab7d3b85-91fe-41af-8cb0-c33141c60663
4,af4a8dfa-7362-4ddb-9403-7551ef5e743f
4,b9101062-474e-40b9-a04e-41eeb0d091e2
4,ba4ce3fc-bbd1-4b77-b006-847f5f91ac57
4,bed4ee36-9457-41af-9854-defe0e114642
4,bef1e9f7-87a6-4275-a83c-10f3cc5059b5
4,d0dd5891-4c7b-43e7-b66a-cc80f65e9c39
4,d3b1058a-b40e-4855-9d93-7ec757bf2000
4,d6c30c85-15b2-42ec-83a6-49a92bf86204
4,d9981b3e-ecc2-417d-b8f8-da05f4d6b40e
4,e38eb5a5-2f7e-4a1c-b803-ff32697c298e
4,e3f0bcad-9836-4ae2-a9c5-0253f194d364
4,e58a18b4-af37-48db-b5bd-6f9ba33639fb
4,f694f976-aadd-48d4-bbe1-b601542e4d62
4,f6b11f27-1cee-4a0e-a987-8294d8ee84fb
4,f6becdc9-8046-4271-ad2c-1458cdd2f923
4,f8faff68-46fb-44bf-a678-84c3f3eb0ab0
4,fb3da930-3808-47fe-bff7-033a0ca6474b
4,fc214f87-a019-4ecb-b2fa-26ca9092a89e
5,0266b33c-b60d-440a-9409-739db2b9becc
5,06534d32-a34f-4241-9d67-7d0d5f7e8149
5,0c68d39e-2332-40ff-8dd2-39d9927d3db2
5,0dd2a385-8f4a-49ca-bb2e-c8d721f0b12f
5,129b1fc0-7946-4ad0-a789-19c83d7b171a
5,1308831d-2c82-4e7c-ae6b-6db3c158ea38
5,15b60581-eb3e-4818-ae79-feec1b439311
5,173abf4c-9907-4295-ba46-b74b12620500
5,192b7d42-a741-40a1-8789-a87555811ee2
5,195a017f-8c79-4d44-87f2-8d081352d326
5,1da07725-f8cf-44b9-8030-d956b2adb204
5,1da0b7d1-e46a-49a1-be73-a6a2d2473484
5,2658340f-5338-4afd-a97d-b8451322233d
5,2d090ee3-bee8-4ad0-920d-f3a3f31fc2aa
5,2ed1e222-21a3-4ec9-b7b0-f836911e3fdb
5,2ee7fc02-02d9-4839-97ea-cbc8c3561386
5,33b07185-1240-4dc3-8c18-ebb404df3ac9
5,3ab3cc13-5e0e-43c9-9762-fa57ddfbc0cf
5,3fce93e6-1d76-4338-854d-51e6876e1432
5,457ae51d-8e65-4254-ad0c-ebcf203452dd
5,46184d1a-4edb-4083-87fd-2443353a8789
5,4628c7f8-3a82-4ca6-aa74-7edbeb576f2b
5,4e13b129-f304-422b-9e8e-67540bc8f4e4
5,4fa62880-d120-4b13-9c41-a21a3e169e1e
5,50fbe60f-0220-43ff-a86a-e5c0f600a9b7
5,533aedc8-b7e1-4e9e-8bde-3cad41401240
5,57c684cd-bdd1-4049-ad20-09a6c634eeb6
5,5993cd00-340e-4ec5-862d-2bf5c9f8d946
5,62a0403c-ef31-4c8d-9c1c-602a882f8080
5,65781f8c-5a24-482e-a668-3896c65cd832
5,69e06c0b-08e6-4727-bb9e-bacb4f8c025b
5,6af99ae7-a2b7-478e-8759-2b08797c780f
5,75160aef-5312-4f79-89e9-a634175804c7
5,7daa9ad4-340b-438d-b77d-c58db8ecd5ed
5,7eae8dd9-6f3e-423f-b339-1b929e0ff62f
5,8105aa67-0d1f-4554-b5f0-ef9a761371f8
5,8d0cd2a5-4e6c-4759-92e3-2d3ec67816c0
5,8dd8173a-e8ee-4db5-a956-53569ddba41d
5,8fb512bb-1062-4b9d-98a2-0cefb2694451
5,93f86f10-1adb-49f4-971a-dd6c0a0a3654
5,94fc9909-6220-411b-aa7b-b48ac4a69da2
5,a035ab60-e45a-4af8-8cd1-43189a112789
5,a6450c13-fb9f-4b3d-a28c-cde70aa8d9e5
5,a73f8086-9300-4884-ae9d-661134e2ae82
5,a92f0737-378a-42a1-a841-03e39bb1e9a2
5,bb02c35f-6f6d-4ad7-83ba-d9d496a9c613
5,c8fdc695-3722-46b3-a7a7-57e238537c19
5,cfee4750-fc1c-4de2-9476-8ced1e5584c2
5,d5c794ce-3de9-4542-a1db-e760fa58a67e
5,d8090a64-1ed9-4f37-9c59-96381e08b18b
5,dab645ff-00df-4d3a-8b71-532b02cedfec
5,dccc3869-463b-4c2a-a1ef-0b4e9092cbb6
5,df0501f6-b94b-430e-9b0f-3136ff1f54f9
5,e2164abf-75f4-472d-865b-57278c95f793
5,f25d6cca-5121-4a18-b729-0d592c91bc26
5,f800302a-dcb6-42a5-b056-a29a5e96f1d2
6,02600220-fc88-46ea-a5a8-4f0424442d58
6,049d7515-5c5d-4548-b768-a9189cade281
6,050d1e62-c865-47ef-8500-9b239b1d60ac
6,07eedf7a-70af-4b2a-896e-3639fcd7b99d
6,0c746e5a-4c77-4420-b91b-a5d876fa633d
6,1614e34a-e043-4093-a60b-c65b02445d4b
6,179f065c-75bc-414d-a2d7-9b4bd43818a1
6,1be85c53-94bb-4799-ab56-892813e261e3
6,1e53c3c2-c118-4794-8070-4dae17e03175
6,22e41f98-3e95-43ae-82d8-c50e437d6c68
6,30852c9e-ee4d-4cb9-a667-d9b8ab99fb1e
6,326f9d7c-11db-41d4-a438-ec622f841a79
6,34191793-64d2-4289-89a7-91e3872eb85d
6,3c739f05-60da-487e-bb73-c7f76adde73f
6,3cf1a6ed-4550-4b4b-9552-41061c5515f4
6,3d6a467c-153e-44f7-b4e5-1ea7b2b5b224
6,3e41821b-7a0d-4857-9b5a-1aef12056b54
6,425a7f84-581a-4dbb-9a96-339f04dccca1
6,51c1cf10-094b-4f5b-af7f-7e22d0a5a7af
6,52aa5031-108d-4326-95e7-d8b8e106a48c
6,5a44a8fe-76fc-44da-8de4-a40d7d748d61
6,5db80ff1-773c-4d74-9c54-008e55eb1d4b
6,637a31d5-4b6f-4454-9c13-952344074392
6,64982b70-83d4-42df-be62-209fcdb696a0
6,6d38e7fa-f600-4fb6-9c47-8af472352717
6,6f1eac1e-707b-4614-b01d-e139961a38c7
6,70f5637e-c38a-4a18-bbc0-1d4b185b3756
6,79eef4e9-60e7-4f00-a2c3-5157066bf300
6,7d1d92d4-bd92-4e15-b82d-a152c560681a
6,7e99373e-6173-4d42-84df-13bf88636662
6,85e4c7b2-15ff-47a8-bdae-43837cb9b6d0
6,86241fd3-5e13-408c-b6e7-9d8f24242006
6,87471924-fe72-4c95-bb21-3c6267e4fed6
6,8a2a25eb-cf03-4bf2-a6bf-135c07136847
6,8b2b956c-5444-4d65-a93e-d3487f683fa4
6,91c444bc-6543-4869-89cc-6f42cb1c9a22
6,9b663cc2-8d67-46c2-b308-a9f25f6e834e
6,9c999cb2-7816-4316-ac9b-5cbc93734816
6,9ce5482e-adc4-4d4f-8d65-2c32ac9b168f
6,9fa936a0-a743-427c-9685-d70c4aeab190
6,a0f69e3b-6392-4ac5-8865-d6e66c2a09de
6,a3288dc8-0252-4fc1-803a-b9df332b8079
6,a5b3ca04-3e12-4078-b4e3-2ef26827b550
6,a64f550e-152d-4ee9-9090-0320c03df85f
6,a79f71ba-d662-4c00-9843-6d8e8f01dcbe
6,aa24b934-a911-4c78-885a-2a56850a0d35
6,af6aee6d-bd17-4f41-ab07-c1ccdcae278f
6,b6e58f71-0ebf-4a06-a226-f1dda69c2e55
6,babab358-a019-4b9d-94fe-de250c321c16
6,c7e97cf0-4200-4a21-b1ef-4b5c7bd6e26a
6,d04739a6-aeb3-44f9-a703-8b5492632a1f
6,e321b509-6d86-4c70-9380-35377faae24c
6,e58d16ae-edcd-47da-82c0-6983c60c0474
6,e829c4ac-64fe-4ef7-8b78-edf95410deac
6,ea5fdbeb-2274-4ced-9169-751d866bbe05
6,eecc4bb6-3bbf-492e-bf55-afe2711a4cf5
6,f2d984e3-5bba-4c3d-bbe2-48bff8c53456
7,0e5353bf-d9ba-44a7-a023-62d09b216a69
7,19698140-3400-43a5-a309-dd9240af7e5e
7,1a6f68ad-720f-42ad-8239-5834cc9c8267
7,1b8696e6-f4af-424d-ac0f-3bcce22de520
7,1f966fad-b7f7-438e-8ff5-d9d17eb915ad
7,2f2f7c45-de7c-4149-8188-a926896a0fb1
7,2f5b1ae9-ddbf-4927-b8f0-1ce573f695b2
7,3a137f7a-f1c6-4ce0-bab3-588e3cfdbf57
7,3be2f250-4a3b-42a5-8620-7bb51bd1f7a6
7,3f2a486f-7adc-47f3-8305-cf46b025d9e6
7,3f724483-b039-4e61-8385-6d6f2e7a887b
7,471b5461-33a6-4443-ae15-c5ec01079239
7,4bf31678-0310-4a4c-9c3b-041de54dc1f1
7,542c0027-9627-4d5d-aae9-005fec34c2bf
7,5578ca70-8619-4b79-aeee-569b6c483a72
7,5a3f8bf3-7ccc-485b-b1f3-92168da12275
7,5a4d765f-b4c7-48ca-8c8d-a9752954b7d5
7,5d73a5fc-52e9-4906-a687-be7b076206f8
7,5e691dff-b97c-41d2-970c-e9ab5b2dbcfb
7,608ce1d8-5a74-4647-989d-2baff3c1014c
7,63916d56-f070-4ccb-adbf-613e8151ab2c
7,67bd4db4-2451-4e94-a0bc-8a045d7c4bee
7,6cce5eaa-b3b7-46d4-8671-ea0fc82b873d
7,6d68f311-3c8b-4a5b-a57e-f4d21b820f6a
7,6dcdb6f6-9af2-4cd2-903c-0c49c2c175ed
7,6f726871-b035-49c8-a39a-0772dbb3f62f
7,72668e8b-cf80-44a8-a977-1b2cb3a494c6
7,72ca0899-2b9e-421b-a420-61c42f50a005
7,77172f53-b7e1-47d9-b573-4fc87064a4b0
7,77fb0f34-57e5-43f1-b62b-d9ef045c9085
7,7a35ff59-312b-4692-8421-ba0699aa6013
7,80a4412f-1c72-4e75-beb2-575feeff866e
7,860b5106-e1f5-40d2-9886-5f9d519f413e
7,8ed71fdd-4592-49fc-a3a1-94d71a61a7a5
7,95b2de56-d70d-4cee-814c-0a7605196098
7,9adfe34a-1d8a-4cf9-b16d-0d127b4f244c
7,9c37ddf9-b207-4e8d-9772-fed8790f3477
7,acf44b0b-ce36-4699-a882-a2253ba1df43
7,b0b153ec-41f6-4789-aff0-5b401a15438b
7,b1c6e3a8-93c0-4f59-a230-f989bf5d494a
7,b4943f7d-9b9d-4297-a284-84c97193e325
7,b5c343eb-9639-4407-8519-dccdafa24887
7,b9973650-7ed9-43be-a469-056fe29c8d57
7,bc8927d4-87de-46e7-bbfd-f97df7d61522
7,c7415fa7-c1e9-4f09-b380-e625733e979c
7,ce31ad21-e075-4af7-88a5-42eba082ee64
7,d230c1aa-5931-43c6-b44f-fa595980fd08
7,d7a08c38-a5c8-4af3-801e-3479bdeabd45
7,dd344053-2fa1-4a45-9bcd-692d60a50ad4
7,de24c982-18ac-44ec-8a30-5d6c525774b8
7,e40cb7d7-a9c5-4477-ba56-71186185caed
7,e6d59c0c-69bc-4210-90c9-fe35434d3019
7,ea952941-2699-45c3-a109-0e5d4a9043db
7,eec6008f-414c-47fd-bfa4-7ebd5e4e9da5
7,f3b7619f-b53a-428d-8832-ab5d7d4b1884
7,f80fd766-4a64-4a8b-a479-304f7202b82d
8,0581c1bb-dd1e-4979-b306-443613f4f9f0
8,07f66bf4-c1f0-4c95-b660-24da5b029450
8,115e940f-e0cf-4913-acb3-da10a095f513
8,14e50039-ca65-4097-88a0-2c4322586cf4
8,238cc9ad-4fce-499f-b94c-14555b3a2420
8,277c8f65-fbbc-4c82-8c5d-0f3ad2ebe839
8,2787bb66-3bdd-4b47-b5fb-65ce9c11761f
8,2e6d9953-3bc5-4726-9d09-5fab35cc083f
8,340e1cfd-7b29-43db-8aad-b68074789cfc
8,345213d0-d328-481b-a0b4-e31dae41c7a4
8,355154b6-b763-480a-a794-55a777c8184e
8,41ee700d-c954-4988-8ff2-afcfe05a9397
8,43021086-5fca-4f30-91cd-5a4e523adfbc
8,45250571-b3cf-4643-a339-a4eb63abeb79
8,45cf00d7-94d3-4852-816f-22ced4dd1fca
8,45d63161-10d4-47c1-aa2f-13497f5a3766
8,4b3d3e19-b6f6-4e81-b55f-1de4b7344555
8,4b89fbb3-18f1-4a21-b386-e874f4e337fa
8,4f56743c-222e-4e95-b2dc-56506ff18331
8,513835f6-d76a-4074-ba3f-f50ef8dc5dc0
8,5ac9b451-0f3c-4681-95df-5980a150c529
8,5f21a944-8afe-4322-9f4a-264f08611f0f
8,6a6375e9-a92b-4dd7-8886-08565202bcc7
8,706a4243-94c1-4521-ba1a-9ad2902813a0
8,7c09e63a-5ee4-4595-b021-804486d73bd9
8,8806f2ae-12f0-4954-8218-786825b1e55d
8,88e734c3-90fd-4974-a79e-6653da6948d6
8,8b4327bd-dc58-4db0-a788-924ba13d2b11
8,8fe4292a-d6f6-4eaf-b96a-751cda49f0b8
8,90387919-04b5-47c8-86c4-58bc77a216ee
8,909d8215-6ffe-4b8a-9f84-001224f947d2
8,90f4fe71-855f-42d5-b0ad-24e4ea3e482c
8,9356270b-0965-4111-b701-dac07f9d87c2
8,95c04879-3714-481d-ba5d-8f89b24586bf
8,9bfd978a-ad7f-47b8-af93-984112a90281
8,a5d0444c-52f0-482f-ae2c-092eda67f8eb
8,a7b5edca-0417-4d08-9ab9-23b1edf4221b
8,b3c23725-d1a0-41b4-8276-286b97122abb
8,b3fdec5d-ec56-451d-b67c-6895c16a7fd1
8,b5b6df70-35d9-4711-8cd3-ec04b9ff8092
8,b8435958-abc6-4dcd-a47f-b88e2089cbbf
8,bb52b1ce-279c-40f5-9106-04f3ca8a58dd
8,bc8de347-1aa9-4967-a62f-e69adc603675
8,bdf590d4-3017-4599-87a8-a2ffde0cb361
8,bf5f1e3e-4abd-44e2-931a-3628abadeacb
8,c76948c5-cb32-43a1-aedd-061d23f32179
8,ce03f74b-9268-4ab9-9b36-242376fb2009
8,cea636b7-2f02-4d62-9764-677ad61a00dd
8,d0169e15-2f61-40cd-b9cf-42654d74cff9
8,dc971d8d-5c1e-4943-858c-c9d6b6790553
8,dfce31ea-7c9c-40dc-b219-ce0833046c53
8,ec9e3780-5b9d-4acb-8879-29a6f24ebf17
8,ed3f2654-6cdd-4c44-9910-ba7382e10555
8,edb5db20-7af7-4444-946f-3c3f122ff241
8,f9ae2a2e-c889-44a6-967a-e5bd6e9ee98c
8,fbd15675-ad0f-4468-97e9-949e7f12ee86
8,fff13d59-d4b1-4445-9fae-5c3d4800ebc0
9,03505888-e591-43b3-b9d3-6636c72544c5
9,05418250-9f19-4a18-afde-6b5a98ccadd9
9,067e3536-0a1f-4d5e-b622-c96d37471cb5
9,1422415c-88f6-4f6e-ac91-43f2c59677ec
9,14524780-655c-45da-beec-95f7e6afad29
9,1a390b41-22f9-47e8-aab8-56f1dbc1ad32
9,1b27c2a2-8bc3-45cc-abdd-b2c8c4c06f92
9,21f81dad-7660-4544-a6f0-466f24a1760a
9,273dc9dd-6876-4429-8e57-8c6ce69105fb
9,27f54af9-0644-409b-b4aa-8a9708c05ffa
9,28ca0db7-52e8-4593-85e1-ef8950b27e6c
9,2b8ee399-f2ba-4645-91b8-de6965d38763
9,2e84992f-2ed5-4cdd-adde-af6b43bff8f3
9,35b6902a-10a9-4683-90cb-a63bbc6a58eb
9,37773912-fa6e-49e2-b3a0-1eaec46d8f14
9,37aedb6e-5946-418f-ad29-f63eb141a5eb
9,39e877c7-b30f-4b3d-83ad-417216ba625f
9,3c9c2299-ab19-460d-8425-bd3bb77a4b69
9,3dc3145e-8daf-43fe-baac-3997e7e355de
9,3ed8d88f-e3ab-4e47-a0b2-d21a16571585
9,3fab1f81-3953-4bef-89b7-d92b31fc9b9e
9,4360d2c7-bc24-4484-8d86-7d8a3fdd9ec7
9,47a84bbe-8cd9-486f-bbf1-7db7c8e58445
9,47e4146f-ddd4-4640-b03d-3efbb1126dc8
9,4b30e395-3cc1-41d9-a036-9d4d1bf51dcd
9,4eb2c3e1-f6e6-41c4-9a43-9951a582c576
9,4ed86902-420a-49fe-a439-6163a7321908
9,527528e1-910b-4f1a-8548-cc60dc1a7d38
9,5ea08f3f-d5e7-4eaf-a3b6-542b6bfb2ae7
9,5f184fbe-f084-40da-82ae-8dc71da81654
9,5fd1a3c7-3dc1-4c08-a1be-c9aaf903df64
9,60e27499-4bb4-42b5-bc8e-05ebe8ebac39
9,639bd49b-ef6e-40fe-bef5-492f9a513cbc
9,7681fddd-0fa7-4604-8430-f61dcf6a1bac
9,76dc68fc-e7f0-49ea-9330-f90be0add2ad
9,8f2eba0d-feb5-4380-b95b-470b53d89fac
9,8f9748aa-02e4-47f7-a4b5-2a2f3b9fd14f
9,93b47978-3e32-4105-9759-cc12db4d4f48
9,9514a1cd-948d-440e-bc55-dfe26b2eb5e4
9,9f3287fc-4e66-4a43-bdb7-9357bdb74ce0
9,a6f38b39-78a5-415d-8b20-c625bdd1533e
9,aa0300bc-045d-4286-ba54-e18b44107c10
9,aed7bb2a-4f12-41c4-800c-6aec63af1f33
9,b31f1345-a387-460a-bfe9-265cadbd8642
9,b8763b14-d0a7-4383-b4a3-e30d4f60b86c
9,b995570b-f6a9-47c7-a24c-23cbc9c48eac
9,c04dbfb6-4fcf-46fd-856d-8137b3ddbd51
9,c2105892-a20c-4186-9352-04244fa47b01
9,cb5537cd-9885-469a-9113-b8bcdf314385
9,cc99bab4-ad5e-42a5-bc48-c3356f761c4b
9,d4ce01af-c697-4da1-b6ab-ff58d27230ff
9,d5a1d0eb-edcc-47cb-bc4e-451af42fa57f
9,dbdb2a19-811b-4ce0-a3d2-9be21d0bb597
9,e234207b-6a9a-4b08-aa54-8b89349cd690
9,ec4deda9-49be-4770-bc96-723fa0374f21
9,f8387f69-b360-4585-9cab-40153f79c405
10,024f65f4-2e53-42bb-8bd0-23a1b1ec24c5
10,04fd531d-9d85-4541-a4fd-06aa4c462a4c
10,05a1150b-0e83-4640-9e7b-933c8783dd88
10,0970d067-efe6-4051-9176-3c1916bd9226
10,14558665-a2ae-4cf1-894b-a6c28f2fd1ab
10,14c5a353-3c59-46cd-93b6-2039ef5964ea
10,15211cef-369f-4e60-9db8-8edc3bd68104
10,15d93220-7963-4bb0-88be-65e5ec35c012
10,2b626e70-457c-4032-8346-1d3ef928175c
10,2be7a5e2-65c9-4b2b-b4d0-2f9f0fd8039c
10,3d8b3eb1-87a1-4471-8c33-0da3d0b26848
10,3de6f107-e786-477e-8c40-34cd50eb636e
10,3e1748ea-721f-4a95-9be3-24898d3621c4
10,4120b19c-ebab-4f0a-bc01-403d86c6f1a6
10,4ec2997d-661d-446d-af25-7014f689ebe1
10,4fc59cd9-0444-4f38-a8b7-3d5b4987e1df
10,50e02605-d0d7-4218-bf44-39d96db95000
10,5c140594-be83-402e-8eda-d3bced461954
10,5d5e21c8-0101-4e49-879d-ef8c5f347712
10,60b60cc3-c1d5-4993-ad3a-a48c2c18d6e4
10,60c66f6e-3042-4da0-9f77-2f11f8760399
10,6a287c1d-922d-48bd-8b4a-07766ac7072a
10,6dc4614e-8aba-4c26-92e8-8c126e883aa1
10,6ec02750-0a8a-42b9-8784-7aadc9c0822e
10,73059792-ad95-413d-afd0-d7b1a31bc39b
10,7f122843-35d1-46d3-9a11-e1bfb8b5ba8b
10,7fae49b6-90c9-490a-9703-87b5ca9f398e
10,854df4b5-5fd8-47fa-a567-7f67c3a7f587
10,856ebdb3-97a3-4d1c-a223-1e132379c049
10,8b08a115-f905-4912-8f43-a17462575957
10,9061fa17-3766-48ef-a344-8fcbe3982cd8
10,91273fc4-121d-4e13-96fc-7360563b6ed0
10,937757f1-430d-4fbe-a47f-2bf65a49e994
10,96d0fc53-d05c-45fa-877f-ce1ee118ca26
10,975990e4-4345-4cb4-8a58-15c3c9d12c86
10,98cfa12c-0b29-4a68-8029-ca68a3ea2b5d
10,9cb2b4bc-5202-4db1-9863-af3126bc841d
10,9eb3e334-dde1-4724-80a9-3f1294b08ca8
10,9fd158ee-fc1f-4d0c-931f-3cebbed56e16
10,a6b830b7-5843-44c6-9630-485ace01c544
10,a92f67f4-1557-4b9e-84b4-de066ec13334
10,b1154a22-78a0-4876-8657-e6e76cc1bdc8
10,b6a63fb3-442b-4819-bd68-a3075742b930
10,bb46b46b-6f68-416e-b527-a65ab2f93d78
10,bc5166db-28b1-48bb-bc6d-78e595cd0938
10,c05bd59e-a149-4ce6-982b-86d4cc4ab206
10,c7732ace-6396-489c-bbf2-c7c40bb59e19
10,cb4b627c-3863-4965-b0c0-4f6e98073749
10,cdedd6bc-797a-44cb-90a1-1bf94f587c06
10,dafb62cc-1d8e-4f2f-95cc-f429b1ce4ecb
10,db7d3092-ca7a-41b9-8fa6-4b1d2de00030
10,ded5bac8-6c6f-45c3-b0d6-2b96c4c35044
10,e0fec703-7854-4b72-96f1-c8340ea6b544
10,e59bad70-39cd-4be0-bd3a-496990145463
10,e6b6faed-3831-410a-9a54-735b9da11c31
10,e6c0d0d4-acd7-4c28-abb1-950ea54f8b25
10,e6fc16f5-a128-484e-953d-447c9cfa748a
10,ea03fcc5-f133-4cfc-ae0a-34351e3901c0
10,f56fdb68-7716-4e52-bb05-e979cb3210c8
11,010d1ba1-4e06-4207-8d5c-02e3e45b5962
11,043bcbd8-2fa9-4de5-89c4-b1b05f69134d
11,0fab2e0e-a460-425e-88f7-cb19ce60d305
11,12e1a3f1-5444-4fbb-bbe3-c4b90ce4fba7
11,1935b41f-7796-4fd2-a649-eaa3027f762d
11,23d55abf-e0f8-44d1-b492-36da6e246736
11,276bd3c6-59f8-4889-aa0f-c681ed85daea
11,2975d233-2581-4102-8458-0b387f72f719
11,2b0c9c99-8f7b-4f0c-b670-cd5fac6e2e0a
11,2fa8059d-1563-4b0a-ae25-e96beffe6f19
11,3678379f-5480-428f-8053-24ebfdc30a35
11,39f73c65-9fa0-42af-8453-dff7302238a9
11,3c3dc288-9c0e-4579-af61-469773dd9615
11,3d5a7564-4ef1-478e-988b-64b710aac86a
11,3d6f2bbf-95fe-407e-8c23-de3146a7e391
11,44170247-783d-4454-af6b-3e370e376cad
11,5311ac3e-658e-4147-9ae3-4ead014ea2c3
11,5e352510-844d-4b5a-bd0b-157505dac4c2
11,5f2f7444-df67-4b05-97c3-fa0d38aefc59
11,653cc39b-7e37-4771-9cbe-bbb1d26b0432
11,6b3ec481-72fd-49ff-91fb-1864c8a59d1e
11,7249edfb-f99f-403a-bf45-f4cfe8caea8f
11,76025d74-dbe3-4b8b-b5a5-32d740b87ae7
11,7609c9a0-5f14-46e3-afc8-26e363eecfd3
11,774e5cad-3948-4e02-a34d-368640df9273
11,7cf66347-9d75-4d50-a132-4113dff5933b
11,856a84a2-4b31-44e7-9dca-be4c1688d8ce
11,891e6a3d-5a38-4c4f-9c98-096e0095c0f2
11,8b88719d-dd8e-4ee0-9d27-ac634a0e1769
11,905cfe2c-df34-4cbd-a531-c8885fc488ce
11,9139ad40-f906-4049-9a03-807ad9bd54b9
11,93a856ab-cb5f-4866-934a-eff9a114456b
11,94592662-91c1-44bd-9e00-9e6bf102ce70
11,9791665a-4758-4574-861d-fb46686cb174
11,98dc9a34-6078-4cff-bc5f-72f31c18c452
11,9ae9a1d0-4a92-4c6e-b772-e8edba2fe4ee
11,a29bc3e0-a1e4-4721-bcda-67a122367a12
11,a322dd0b-e6d6-4805-a5b8-2a2edef6bf18
11,a82dcfa6-ff48-42dd-b01a-36f840ec8f0f
11,b1a02b6a-3319-4825-ac14-92225a07cb2d
11,b633f429-89c1-420b-93d5-58fb9de0f9e6
11,b75ba3fa-f556-4076-aca3-54c27b529ada
11,be33a297-8c56-41e5-9e65-383b4c34b1e9
11,d01c06d7-f410-4224-94ea-0139a8efca58
11,d7124814-aec9-4e7d-b80d-59bc307f8575
11,d9855ce1-0032-4d75-90f2-28d183787fc8
11,df307a65-2eef-410b-b686-5da09dff501a
11,dfa7fb01-3576-4bf8-bd19-d1aa17035eed
11,dfd60f9c-6e1a-44e4-aeb6-a3374f9c18c3
11,e28b1359-4997-4b22-8187-c8f99304573d
11,e2ea23e0-05e2-4007-b360-45ea7eb9b480
11,e466dbf0-c21d-4495-85e1-e2e3d66a7513
11,e7e48cdc-e150-4a76-8772-b62093b17328
11,ef2dbd58-5d4c-408d-aac8-d67b06c734c3
11,f06d104c-9940-4a35-89f2-dd24040fbed1
11,f60c65c2-25a3-481b-add5-1730d7194a81
11,fa33904c-9bb8-4a90-8f9b-ff4f2f1f7bf2
11,fc01d284-8a62-4564-b719-0da2440843c4
12,09b9baba-4bba-45ab-8e76-60dbea15962a
12,0a754010-a32b-4f1f-a244-3da3875ab8cb
12,181c632b-2d57-4734-9fa3-788fa75928fb
12,1ca1e91b-d03a-4f48-8b8b-616ac29df5e7
12,1f15a7fa-c183-47ee-9917-d7290faa7cc9
12,2022b043-ad48-4689-9981-a049a0f7a92e
12,2444f79e-723a-4d1d-8ae4-71d953621239
12,2c0ec1ca-73a1-470e-9389-10438984bb70
12,3092e4cc-9d12-4873-bb6c-1c5328e3f4ed
12,37875488-f6d4-49cf-a5d5-8f823323edf3
12,38291d19-b87d-465f-ad9e-67366bdcc3d9
12,3ba6ecc0-d1b3-4460-9eeb-25a33d2dab8d
12,3f562f58-ef68-4258-9574-fd35426537e0
12,519c4ef7-6085-4387-b7b3-9fc342965b6f
12,51a1e22e-ac0f-4afb-8eac-dd1da7fcd3d5
12,554d7994-92fe-4646-bed7-92863f4e6d09
12,5551b8f2-2670-4d23-ac57-6e7820069da4
12,581ff7ac-a645-4a18-972a-a9408559b647
12,5c0969a7-6997-4cba-9edd-7e2a08afc3ae
12,5c7b3097-a8c1-4083-9c9c-d526515ba52b
12,60c8b62b-dc2f-406f-95ad-3f38e43775c6
12,6a4d7905-1e2b-4bd7-a0ab-02f61a8d626c
12,6f1b3507-9745-4a9a-a8fa-fbb661b78777
12,6f25ff70-f00a-4339-b28d-0309da419ec0
12,700b84a1-1ab9-4263-b71b-dc3b1dbda3d9
12,82514bc9-0f04-4b5d-953e-175b04b9efd1
12,8722232f-6b58-4d4c-8bd3-3f4bd110be75
12,8981b3d5-9174-4033-b8f8-f93057749676
12,89cd1359-1f34-4011-ad26-2651b8f12bea
12,8a28ace5-97b8-4cfc-96c4-e47938662c42
12,8ffba58e-37c8-48c6-8cda-99f7304e7b6f
12,9199fd1a-8997-4c5a-9788-618ba65f8f63
12,969f645d-e2e7-4741-8fa9-7143920ec515
12,9c717c54-5a0b-4c63-90a0-90c8c4ef5c43
12,a55aa4a2-5ce6-4233-831a-99d76b92f093
12,b45999dd-ac61-448e-998c-1643bf08e400
12,b8af93f4-1f49-40ae-9bab-9b1046af21be
12,cf6d8ba9-85de-4c5a-819d-0f2da13f51e7
12,d3031ac3-befb-4a2e-a3b7-da9fdfec1ac9
12,d3791d65-f7e5-4f85-bba9-9fe91ddbf412
12,d64e4026-c509-4bac-a21c-9927b33affb2
12,d6b00b33-24ba-40a4-a09e-5223679cd480
12,e2e3aa5d-7441-46ab-9626-5a4d96f64f45
12,e6446f03-79df-4b75-85aa-107b9d97d8f7
12,f09c50f9-1dad-4eca-843b-c5b6f9004c8a
12,f3be3b7d-f472-4767-a7d9-22c58c004d0c
13,0be8f9ef-1f06-4e2c-b61e-95b231806e1c
13,17fe69e2-e1ee-4613-a89a-250d94675d8d
13,1b6e6d8d-3703-43ce-a62d-99982c04da3c
13,20adb9d4-3b2e-466b-802a-e7dfe57b8003
13,2bd8bd97-7285-4695-b23c-54e46ff4da9c
13,30c23354-722b-4775-bdef-e38a84cbb031
13,372f3fdf-ec82-4241-8d96-bbd36969bc05
13,4453019b-8541-4fd7-83aa-5ad5974cbb8f
13,53c9167f-e913-40fb-9983-7a9c813e18c0
13,54fb4ffc-eaf6-4a16-bfe2-55ab5b16373a
13,573df0b1-8d8c-4522-b981-b70b4604f28b
13,58ea651c-d382-4546-b0ec-a74385e4e63a
13,612d94b9-5f06-4de0-b27d-e95bc8193bc0
13,75bb2f01-ece7-4c6d-8516-63e552a2f0e3
13,763a6bf0-1edc-4bc0-99f2-8aea6dd25bfb
13,79982202-8c41-49c7-8480-65e1668a5ae3
13,7a5d36cd-ad4d-442f-9de8-6ece2ef03e9f
13,853195e2-fd73-4811-a8d8-a4f59c3d19d2
13,8663e1fc-991a-4d87-9259-72cb1c000a6b
13,8e07c283-ac78-4f22-a6be-0b84e5f4e464
13,9854180d-2820-4c13-a612-036189e42e2b
13,9ed3025e-2bb1-4338-9dac-a482c3b21031
13,a1e87b78-d2d2-4242-8d36-9f3e5dc76f15
13,a3fd7c98-3f50-4d26-b6cc-8919f743819d
13,a96c8939-c177-45ca-8352-30585ff4d11b
13,aebb2797-1b51-4b4d-aa5c-3c58ae1d25aa
13,b207714d-be7b-4c58-8281-bf63dfbfabc0
13,b9187238-2701-48aa-bcde-30d853e67afe
13,bb0b7432-a7ee-4105-837e-25d85c3e5b65
13,bf9bca07-b86d-466f-aa27-3a3c6e32374f
13,c151bf57-7568-4aec-bdc5-61e8cbde560f
13,c1dce249-7ff2-43cb-83dc-45687a7ce5b0
13,c4c362b3-5274-4f9b-8c98-ba328750feb9
13,ca413faa-02f4-4d59-813d-091f29521f7a
13,cbe1c971-e6e1-4f2b-9a2c-0d4ef180f0e2
13,cefddc5f-134d-407f-8f39-8dd847fba51a
13,cfe29d12-b379-42b8-8d7f-f5522a33f772
13,d032a5d9-8049-4cff-9914-82966b287838
13,d349810b-ef26-4bf7-9340-e3bf4069c745
13,d8f994ea-a317-4cf4-91f2-817635b474a2
13,ecbe0e4c-f020-4b39-b484-d2938552bdf3
13,f09f5eb6-b617-4c4d-8b38-79d58475d965
13,f30d0f8d-73af-4190-b563-c2649f921252
13,f3dc05ba-a6a3-481a-8920-a82efd4bb3ac
13,f605d67c-8801-4651-9e86-27884524fd34
13,f83118ed-ee19-417c-8cf3-bc7b8f210526
14,02d947af-137f-4748-bc72-3226f55c1abe
14,0c19e970-c38b-4d91-8eb0-8ce654cb9f50
14,0d328b37-7f6e-4c09-a6eb-e8004550eabb
14,0dab77e2-65f0-4f94-b59c-c0861f4464e0
14,12a9759f-f626-4f14-a3b8-5fb899e6ae00
14,12e256ec-3204-46eb-b390-7631e7846160
14,1e4dfce9-2518-4f12-ac26-17d029a7c7c7
14,243e5e5b-a3ae-4b63-9e5f-e9e2bbb68044
14,2f802191-feb2-48b7-828e-5dd451eed54b
14,34c44ce5-c57a-4940-908a-05398d9d862d
14,39194ac3-d366-4165-b013-b85f910f5d89
14,421c9e12-300b-4763-8d53-da3433da3093
14,4ac3214e-c9c5-42d7-88b4-0d2323c7a6eb
14,50e131d9-b6da-4d0e-94f7-af1f2e46384e
14,541bb67c-7179-4137-9d19-df696ef5352c
14,5822faec-c2cd-4bcf-8396-318d629ac435
14,5f33d816-a74f-4f4b-b234-bfdbf9b325dc
14,63e1fcec-d3ee-42f0-8929-d52ce0c7ff5c
14,68b5e315-25df-4998-ac63-a7cea289f8fa
14,6948337a-85cb-450a-b98c-4cafa224d810
14,7070f94a-d4c1-4094-8352-8804202c78f9
14,74cb9042-a4e8-4ad6-95d3-e72ce948ec98
14,78534568-6166-48e3-90d9-e79073ac9713
14,82f00e48-1598-48e0-aa9f-b4b78dd0f0e0
14,84f6c693-7a7e-4825-947c-44b3c0bb5cc6
14,85371678-2b72-42db-b23d-2e13d10ff02e
14,86154d3a-383a-4e09-8b64-68f4392ce960
14,87110cb6-461c-4bd6-9288-5e2bf6755ec2
14,8a66df0a-9e6f-4d6c-97a9-b4fb4d361028
14,8ea7c5da-9c4e-48ab-9bc2-c79ae12b7f3c
14,8ee4d1a8-6445-4dc1-97ae-82becb06d12a
14,941ab2c7-08f6-4320-a09a-a43629490358
14,a01be979-eea7-4016-a05c-a5aff299e342
14,a03fe774-fd79-4e2a-858b-ac6b47d104da
14,a14711f2-667a-4b9c-99b4-38578b9a9cf4
14,aad02a04-27c0-4c44-8052-a0250d579ac2
14,aed7f6fa-dbc8-4e45-8566-cb9d4c1473a1
14,b0326d52-f2ca-4726-9bcf-aaf82db9ba58
14,b47dd251-72aa-491e-a645-5c374e23f4af
14,b52d9312-5f9b-4d86-9349-cf7d53667ee3
14,b9f3c9d0-1fab-4146-a71a-3b369aed5a0d
14,c0fa6cf6-bf84-4c3e-b920-0583a4808694
14,c86b6ed6-4730-4228-b1c3-e7167aef83a0
14,c87622f9-f0c3-4680-97c6-2664618d78ef
14,d08521e7-0928-4ee7-833b-d8c2255a127b
14,d1c79dbd-f621-470b-998a-c31214a381cf
14,de7a1e64-468e-42f6-81e3-917a1c70c831
14,effccc0c-bcc0-4875-880d-0a6103124bfd
14,f3888f6a-b8c2-44cd-8619-1408e9935921
14,f3ed5fde-6283-4385-8737-66df17b18994
15,02b5677b-1136-451e-8cb2-657611c03426
15,0ab9086a-3523-41ca-9bc7-ca1ef3e257dc
15,0b2fa3e5-fad9-4843-afa6-fd6abd661310
15,0ddc4fbb-047d-4bc3-8958-06d4afed9e2b
15,116e0f16-f29c-4d1f-92c4-7fb951e00665
15,11809a36-fe0b-451e-b7d2-460b1254d283
15,122901e3-7a80-449a-9524-09d99a11f4a4
15,176abd40-ffa1-4498-bb0d-3b0ead515441
15,1b9871b3-1afa-4396-a14e-fbf06aef1589
15,27e94dc8-96ba-474a-bb33-993193162dab
15,29ae0e86-54b7-4757-a764-284fa9731b50
15,2c9b9af9-b8e4-463a-bb8b-2625886fac4c
15,31ceab3e-4943-4103-b0d7-ab53fd18664c
15,4b2793d5-53f1-4a56-a109-5be09966d066
15,5869e9b7-8b79-4f23-95bb-09af3859d2ff
15,5bd0cbeb-8126-4113-8ad2-7f80a8465554
15,5d39bbda-4349-4bb5-9d63-d44c2d70989f
15,5e620552-5f33-4095-a2db-f386945cdf8b
15,6c826dc3-9017-43f1-91a1-8b544ff00ab2
15,72c00bce-8022-411e-b05d-1bd2846c22bd
15,7370911d-7694-4b2b-9057-bee0c37329fb
15,73ffc7b5-2f09-4304-8c6e-b3d1b7efc469
15,7544ee1c-35e9-4cb8-864c-46b532047f5d
15,76d47c28-f3c4-458b-bf0b-147c38f06324
15,83b3d1f7-2a62-41e4-8953-b2a1ee085136
15,85af3950-0b4a-4b7e-9be9-88bd0a5d8016
15,87eda6e6-617a-4de7-968a-d738ed0d4600
15,97a8bd07-12f6-478f-8767-cdc396ed7a64
15,a35db52f-bf02-4819-a564-6937f325c0ae
15,a36b18d2-1060-464a-ba00-56347e8be900
15,a5cbdf26-4c08-4016-a058-c381f6c8dd24
15,a697f2a9-635b-4bfe-bb8e-6735d0703d7b
15,b61761a7-abb5-4204-87ee-2d8d8012ade2
15,b7b30466-69fc-458b-bf23-701b8f677e03
15,b884fccd-74b9-4f11-bb46-373e655b48ee
15,b8a7bbd6-862f-46f9-87dd-ded15f9cfd3f
15,bd534011-74d1-4f7d-9a34-c5c3aa38d760
15,cd37ed8d-eb38-4378-b837-32a90ae93c1f
15,cf63aa49-d68c-4df7-a5fa-3d8aa8657b04
15,d1a08663-c36b-4c11-b792-35fdabe7186c
15,d636aa5a-b367-440d-8290-ecf20b518c93
15,e31ab7f5-3ec9-4120-a3a9-52d80e2dd9ed
15,ec3c7757-4ccc-49de-ab16-0e36ebbc0ae7
15,ef71d78b-cd01-470a-ba9d-36991c79d1ad
15,f3cbb6fc-f1ac-48dc-8492-d4627126c4b2
15,fe4661d3-1ead-4514-8388-ea769266f580
16,00740ad0-4116-4d1c-b8d1-1b1e7a6fb9a5
16,1909ae4f-b32b-4bbd-8979-8adf543d2cac
16,1b27d33a-a376-4743-9e09-3726621c494a
16,22565268-0752-445e-b589-a8084b7420ef
16,240d4f22-0296-4f7f-b18a-a54d85242bcd
16,2b5e62e6-492f-4965-890a-b2205bf37c98
16,2b6c783a-7e9e-4fe5-8118-a7670d4ce7c4
16,2d6ec4d8-3322-403d-9fac-877ea1dc9c86
16,300c5ff4-b1e0-4a38-b7ab-39dd389a7b05
16,301c8b43-f137-4828-9fb1-14353b6ec23b
16,32e9aaf7-e2e5-4ef1-83ac-92261d9a4edd
16,33ff3e85-4730-4cc4-be44-f6a472365763
16,3cc44254-06fd-4c27-90c7-8a2e0aa0e09f
16,691cc766-8eda-4566-8ded-867e5b435fcf
16,697971f2-875d-474c-b6f5-878a45ff85f5
16,70948881-91ac-47ad-96e6-1c5e4d86e083
16,7692dd30-12fa-425d-b0fa-c12be6670f6d
16,7a6977f8-da85-4c70-b8a9-553141f2075c
16,811d8601-2762-4b0a-8a40-01538fa52bf9
16,89cfbe96-5faf-4cfd-a179-621735e1095f
16,8a119909-d592-4d36-9ef9-78567e64e776
16,8cafbd85-2318-4dbb-b057-8316ef7cee1a
16,8f68cd32-d131-4bb7-9dd2-b1e8f6f8e69f
16,94abdd3f-9732-4338-aeb6-70e22e956be9
16,ae952d3f-21a9-48ec-a6c1-019979852a5b
16,b17f7587-7271-4140-90e6-352373a697ab
16,b26d1140-16e3-447f-91f1-a81b454b8a7d
16,b296971c-17fc-45a6-869a-881f2652e812
16,b346d7db-dba1-4ed5-aed0-b10abc8905cd
16,bcba2fb2-da8f-4424-a437-55c339736aad
16,ccd89ed3-4e15-426a-ab6c-c219547c68dc
16,cd826ee8-bd75-4903-8291-64b31238d8bf
16,d9673c41-551c-4493-9719-10eaeda9c0ed
16,d9c8eca5-9dd8-4d1f-93fd-06773f6024e3
16,e1f4c5b5-e72b-435c-bf49-f57ea6ee7285
16,e4794624-ad79-41ec-8f48-e16b982f628d
16,e7a79a98-8ca6-4259-98eb-8c5a3b283288
16,ec30b8f8-5301-4577-9e9a-3c4bc132e1e1
16,f716ad1e-fcb2-4411-9b84-636e57f52a15
16,fa29e99e-a49f-46f2-8e08-f52ca9465191
16,fbdb2a21-9179-4ecf-8ff3-6c05d05d1aaa
16,fc494dfe-5772-471d-8660-e54ee0d3f909
17,0010e98b-8d1e-4e48-80a6-15c59ab4cb63
17,01689352-0701-4bfa-948c-56e17f1ba8d4
17,02640747-e4f8-44c6-909c-518d6e6535f8
17,02a402bc-9d0f-497f-8278-8de27586f280
17,1a79973b-8cc2-486a-a03a-a39574cb567c
17,21f481ec-edb5-4025-962d-c8efc04ff196
17,22c70a12-e3c9-44b7-bea8-d60ceee3f5fe
17,2dd8d0cd-bf98-408d-8f69-f444234d34b3
17,382a7a19-5e83-4131-aaad-7a3799cef94e
17,3add2420-509a-4a95-ab2d-788da8718ee1
17,4a28f9fa-31de-4fd1-b538-595dca880a71
17,524d25cf-3eab-4c73-9b8e-3a406baa7920
17,69bd851a-7308-4ce1-8112-66f270944ffa
17,6c5a3dfd-df95-41f8-88bf-2c73bd642e97
17,70cf6cd1-3dc0-4439-ab74-073a49c35852
17,79d5692a-8117-4241-84ea-aaf622797ea7
17,7f7dbd91-b832-4ed0-8cf5-06c9ba7c33ed
17,97c9663d-d055-4e51-aca0-d152c3e12f95
17,9a79e860-3d85-497f-96e5-8955d33e940d
17,af4c4c8c-04e6-494f-93ee-979995a62f1e
17,af5feeec-8955-4197-b4a1-d65620b7d51e
17,b09c2c0c-abcc-46c6-9a59-0d5b317d150e
17,b63f2569-34ff-4644-bf5c-17fc191307f2
17,b72f9dea-5d02-4cf6-b1d1-ea7d7fd77dd8
17,bfc602be-ad96-417b-a214-fb7d48e53a3b
17,c0716d94-dd6d-4ef4-a500-0c6718cfb815
17,c58a27b6-e59d-4942-87a5-97e7984e5a30
17,cdd649d5-5656-4f0a-813a-603313b1ffdf
17,cefb1808-6dd2-4a17-a014-b74d7614c797
17,d2bd5126-fbb8-4824-92d6-86e8799cc546
17,d61174f4-75f5-4dd7-983a-2e1d673bdc0f
17,d73b80ae-c17b-49ee-86c6-fea9f90dab50
17,da259f70-57ea-4e81-b1df-0d494708ac8a
17,de4b2dc6-0907-4a6e-ad70-c1c906cd1937
17,e04529b4-f78d-49f7-b674-0f58c16c52f2
17,e0ceca77-5985-4c4d-a620-5192d955e2ea
17,f294e30a-78c9-49fc-97d7-09b622aacff3
17,f73246dd-3c66-4490-bf2f-a9b87f08c77a
17,fbc66c36-c5af-4ea5-9722-157940c9ef40
18,2186ee5a-f248-4c9c-974b-859f841922c1
18,28cac14d-9b02-482f-8657-1aa5386c76b9
18,2c815191-9a52-4592-97a1-3e2a4a266637
18,392f3e56-a916-4366-a5cd-72038ae7d708
18,3cae734c-04b9-4d84-8666-9702f4fee9cb
18,4442512b-7324-4aa0-80dd-afade8cc8a3a
18,4c2aae28-02a0-4bf0-916f-0544c1554070
18,59f7a98e-fc8f-4bb0-a188-46b7c67df0f1
18,5c930c3c-0daa-45c8-a3ce-8773c113295b
18,6e34fbfc-dfea-4159-bfcc-4c9c4619fa1b
18,726c8a0c-16e6-4f59-b7aa-5770c47ca589
18,78c7fb0f-04bf-4416-879a-bbd58055dcff
18,79c22925-972c-47bd-8f3d-35b5237a56f0
18,85b935fc-0bec-41fe-a505-c38696c0f210
18,86b63e7f-2ad3-4c02-a374-0cd057dc7a6b
18,8a80a035-53f1-405c-9c3f-92b09ba677a9
18,96cb8818-69a1-43ec-81bc-185eaab866c5
18,9ab09de6-8b3c-4811-bd9b-915a006ebce8
18,a2664f25-10aa-4b9a-b363-1805fa2e28ca
18,a40a858b-e6a3-4244-b4a0-b29cae7c982f
18,a7ecab33-c32d-41fe-823c-d05d1a604e5c
18,a89fc8ad-24be-42fd-ab5f-89b1edcc17d0
18,ad195afc-6c97-487d-9c69-d9ac4d5c0b2d
18,b282073d-4a5d-40aa-b905-0667867723af
18,b69e7229-da75-4bac-9f1b-4a8be16830b0
18,becc810f-b79e-44c3-80d9-44645b5c4b17
18,c87b9d97-57e1-47be-94a5-90a6052261cd
18,d553da87-1455-49aa-a6f5-0c116a0b1bdb
18,d6a4d858-a399-4331-89fe-e3f8a0fcd709
18,d7807468-7704-4e37-9ad1-d3b22fea117a
18,da4d856f-795d-41cf-a664-52a58922dbbf
18,dc0ef120-6035-4c85-b16a-e5e3a58697ec
18,dc2d6c93-0246-47ca-9485-ccaa9b4f5c64
18,f04b9ddb-1869-48b3-b9d3-9a2ba9934236
18,f065b515-31d5-43c3-87f0-fd092c1b09c0
18,f3311cf1-cd74-4ca6-be11-ea7e65670aed
18,f646f3ab-d0f2-4f7d-94df-3fe5e5b02e78
19,00454630-45e7-4950-8397-41e511d07f0d
19,01bd51bc-fdd0-4c1f-bd5b-48032491e99d
19,07cb2194-7760-4ccc-99b6-f0836967bc90
19,0a2eb19a-9028-43a9-a6e3-4f50c3e8a030
19,0c67deb2-0e6a-4dce-b23f-452200f1a40e
19,0e4feda0-e459-4e62-a9ec-73c67b847f3c
19,2528a897-bf45-4283-bc05-30245d5c85d2
19,39d632b0-b475-45c4-9886-f2d6e51a940f
19,479d9cad-2c42-420b-bc4c-cd82718de742
19,497250c5-5008-459c-9a73-50e68136feef
19,4a5037dd-4654-4159-8c1e-dfbeaacfbfb4
19,5397dc42-a947-41c6-ae58-d82e8d4b368f
19,578f5484-0a7a-4389-9f27-792cadd0415f
19,591571c1-3597-4841-9a28-e7efc0673156
19,5a934b77-0644-4f69-be47-a409523275bd
19,667fd0b6-8162-4925-922d-65b436b877b7
19,6ddaf2f0-c0e8-43e9-bc84-a65ae3a88544
19,722b1ca3-3b23-45fa-9c96-f0210a74f0ce
19,75fe74ca-ec4d-4b6b-b7de-fcfc8adbd260
19,7f3745e0-9b49-4b4b-bf5d-536d3a1bced1
19,819a9a51-cb55-49e5-959b-2e1634bf854b
19,8df5eeba-0e79-4537-bf69-a3877b3eebd1
19,97db1750-90f4-424a-8150-08a1606e0a37
19,a31890b3-cc33-46d2-99dd-c590a57cf85d
19,a74843aa-bc4b-43bd-b42e-6505870c9a9b
19,aceb75b8-b27d-42d6-b395-7177d9c947e4
19,b91a30a7-adee-4f38-9158-c97e197137e8
19,c8bc1773-ded1-4f02-b5cc-97a199e1d7be
19,c93230c7-6aa1-45a8-97b5-964d5f2bb0b4
19,ccf61547-69fa-4086-bef4-6d04bf1e0dff
19,d4100d93-6d37-4b33-b057-4b25ad38129b
19,d5c3ea93-b9f6-4cba-bf9b-3113f1c955c9
19,e3250ab6-8515-4ff0-85ee-1596f53e6280
19,eec93deb-4a85-40b9-8b90-4d1d6b320185
19,f39ffdfc-f2a8-4e1a-be48-8e261388e0a0
19,f7098f86-75c9-4a7f-9844-1ee9ab79ecb3
19,f74db41d-4ac4-45d0-b6d7-2d87b68e34a1
19,f96c83b6-dd96-4e7d-8714-7bee6337fc05
19,fe1b463b-3af2-490f-9cb1-85ddb41026ac
19,fe682572-bfa8-4dec-993f-93f4860878ec
19,fe7bf404-731c-4485-85cb-3a5c624b5f0f
19,ff9908cb-b828-4a1d-a971-6616d78c1a3b
20,1233c68d-b63c-45fa-8812-3731b10f27b1
20,17d3bfca-65c3-45f9-9f6a-22298c17f919
20,1cbd5ad4-4624-4c48-aa54-6e76fb81fbdb
20,1df5afa6-2913-42f9-aeb3-13d4d73d2311
20,25d22c85-ed2b-4048-be5b-beaf079f397b
20,29548701-a06f-458c-91d9-00f1e64eb6a1
20,2a6ef7bf-00ed-4edb-8da9-dd6a79d45910
20,3337ccdb-b919-4295-9c0e-e4e73a89cf20
20,368bf101-cf10-4ac1-b1d8-44c1437fab8e
20,3ace6b87-b8b5-40f3-8cb9-7e2ceb4ed4af
20,47106f1f-2ee1-4796-aa08-9116c473a8e5
20,4736f8f2-d3df-4b3a-b85c-602c24b1b5f1
20,4dcd3272-fc50-47bf-8015-61a6e0a7f87e
20,4fa00270-d8d3-48fc-8b9c-630119befa15
20,5b0d17d9-8feb-44b0-a478-ec779a2504b9
20,5bba5fe8-28a5-4688-998a-e65254f27a8d
20,5bebe4fe-2e80-426b-b3bf-b484dbc86b38
20,65250068-7b9c-474d-b250-9c7962959afd
20,65e296d6-74b4-4016-b945-e865b7ac7a59
20,6b5ead7c-ea1d-4881-a52b-1783b96485d1
20,888ac63e-1aea-4b2f-8c14-3b7bdcb31e1d
20,8b96a4eb-e1dc-4cbe-94af-e398678612b2
20,92541411-7244-43bd-b9cb-6b5cc64b5ecd
20,939f47bc-79dc-4254-a025-25fd38e60b4e
20,9521d471-b152-4191-8cab-cb4527a9fda9
20,9704c29b-6d02-4d03-9c98-beeb0933aad4
20,9af7deb2-0983-4318-9c18-25261a1c1cbe
20,9e9cb723-5139-46ad-8973-9e55f07a6677
20,9f9918f5-360a-464b-a2fb-f71d065f3c6c
20,aa3ee19a-5a42-42fc-bf7f-d0ee159f77b1
20,aab05fdb-2afa-4494-952a-7054a4737b24
20,add0849d-0eb6-4ca3-a406-85be6531291a
20,b0c5688d-b55f-4176-800c-34f15ed0f4ff
20,c076f5e7-ab95-4acb-8b06-dc439c5f2bd2
20,c57bfa40-aef6-4ea1-aada-1e99bd09adae
20,d9105594-148e-4219-a863-a88d59d3b7ab
20,deab7946-1ea0-44c3-931b-adec8d1ec6c0
20,e024b237-8f08-4173-bbd1-dca07d044394
20,e238d497-0c7f-492e-876e-73eade8951da
20,e48f5fd5-4f69-4a45-b52f-e7dc57b6a0cb
20,ea93b2ae-0572-41ed-9677-1f979c63629a
20,eef05a48-fddb-42ca-b428-63328c4dbd76
20,f1a6ac64-7cfd-4c9a-a058-4325e993281e
20,f35f10b5-85be-424f-b6bc-eff2c52cd46a
20,f49eb953-4105-4420-8547-6f6502ed616c
20,f93dc5c8-cb0d-4c60-af07-54d466d644d7
20,fbb603ac-67e2-44c6-a840-5709f1ff65dd
21,039a07cc-7ced-4052-b49c-67d02754f38d
21,04541b89-5609-4b35-818b-93842c4d35b0
21,05918323-7463-46b4-a959-b42c8fa1d69b
21,0cf6f1cd-5a56-47b9-9bed-6586c3a40062
21,120f43ad-ff00-4ecc-ab21-44f2ed40911f
21,16bb9428-e851-40dc-a3b5-02c9c079c399
21,1b6cd96b-39ae-4f1a-8ba1-a8600ca397eb
21,1cfad52c-1f78-413f-be73-f5ad981edb81
21,2f24919a-5f26-4c67-a71d-5dbc1fa8dce3
21,364ff5d6-03b6-4fb9-b4e5-dc319035db01
21,37e9c6d9-5642-4212-b40e-8f313e30308d
21,3847aeac-e5b1-4c09-b4d5-4b6d41c90743
21,386c19e1-45ba-43c0-b0d3-ac5bffe380be
21,3be6ddb3-eaa6-40fd-b39b-c14150e04a87
21,4028eb4d-a31a-4c6c-ac77-c67081d3a016
21,45d26326-ddd7-4a76-9c02-2f1bff63e328
21,47bc3778-1db2-4863-a0d4-eca527a77108
21,53a22709-b2a2-4548-ba36-d77a9b9a44f6
21,6371b849-0098-4f15-865c-4708007c26b1
21,6c14983d-8e73-40ea-bd39-24619bcc1402
21,6f7ef67f-e74d-43ee-b688-0bfe3bf134f4
21,7602f1a4-8f1b-4c73-ba7f-f91b965013e7
21,7822c3e4-3437-41c8-b03d-77b97941c3e0
21,7e8199bc-1362-4946-8b2b-e5f0c7329dc5
21,866ef42b-9006-4acb-ae75-863d2b8aceb4
21,86e906b2-a2eb-4de9-a508-559f47233740
21,8bfae080-13ec-477c-bea3-a8e39cdb4d51
21,92c6484d-e0c9-447d-be96-ad3495bd7bbf
21,96a8c502-dafc-497e-9fc0-b3a1ab93c5fc
21,9f6edd4f-dafc-4334-8347-b6ee65739007
21,b33323c2-a44d-4186-ab83-8700cc618cfd
21,b52b9112-2077-48e2-8d7a-c5753ac9d123
21,b7c44e14-2ee7-4deb-9593-3f16866812a4
21,b9175700-df27-4319-bfe2-b421b0406852
21,c139db6c-3235-4636-94a9-05f921c32fc7
21,c20c24bc-dd1f-42b0-9210-f874b4838c28
21,c36e440d-66b8-4bc0-9b0b-412041c17ec7
21,c924cd4a-26c6-4186-b3f6-76399fb0ce43
21,cd0e061d-b9f7-4922-8ea5-3625f8e5fa83
21,ce5c1e4e-4146-47d9-9bb0-c77798c17bd3
21,d5d824bd-fb77-4b51-9c21-4f5b6a38da4c
21,e6134e8b-1d4f-4828-a3e7-80ca201b22dc
21,eaa76fe2-39fe-4275-b6cf-628845a6c98b
21,ec8a1f1c-3b51-4a41-a50f-a753cd14f0b9
21,ef129dd3-c1dc-40f9-ad74-56e6f425f3f5
21,f9341278-97cd-45fc-9773-d3d07a63bcac
22,070c564e-e62b-478a-b329-9adc2ee029d4
22,0bf622fd-c014-4719-ba9f-291c41cf32b8
22,132c3a02-0696-418f-b202-07feafe6e249
22,16064799-9db7-40ef-b88c-f7215f253009
22,1b3b0b4a-feda-43f2-bf92-f58f0d6ef2f8
22,255927ad-346e-4b18-8fdc-f3091a0d038e
22,26340d82-ce53-4877-bd8d-2adf7e14812c
22,2a76499d-220c-484c-b960-5c5f05c15a87
22,2ee90ca9-3b27-4ad8-b51b-432bcb6d0255
22,344e2325-d560-43a3-9b56-513fb4ef1964
22,3e8c3bdf-c30d-4e2b-b940-39df1646b87b
22,498dcef6-706c-492a-a832-7276a0ca249f
22,53b4219c-ec47-412e-94f5-62a16855bd12
22,546f34b6-4863-451b-813d-287b770b4df1
22,591e3052-9fdc-4391-99b9-9b0262a95a89
22,59f9fc26-2d08-4b79-9e8b-e4b1c380284e
22,5bb8636b-c133-4013-a0d6-d9be8077e99f
22,640fa8ad-3d00-4c2d-b84e-dcada69dae2a
22,68e59897-3ad7-4780-9479-c975cb8076be
22,706de597-7b62-4ea3-b0db-db73e87c325b
22,718096d2-293b-45e1-b8a2-0fd9a2020313
22,73403fc4-f043-464b-aab2-feab5caf195d
22,757bff7c-dc86-4d60-a980-14e50f641363
22,7e83250e-8ee2-4b56-be30-d079d5855985
22,81d03efe-ee16-45b7-ba35-ec47c2b4ccde
22,856c48ea-9a21-4567-a3e6-83efd1d32c51
22,86b12a29-a6f9-47d4-bc1a-03c8558c66c4
22,8cf2058e-4ef8-40c4-b1a1-23d41681542a
22,8ec77b96-c4df-40f3-abf2-6884ce8dd4ae
22,8fdb27e9-7926-4ff1-bec8-ec72f726822a
22,926b2e29-2925-4a1d-8fc1-b79dc2ff5cea
22,936793ed-b043-435e-ae72-26e4485fecb8
22,9427630a-6815-4575-b427-b3ec0d155ca6
22,9b646bf3-5edd-4c74-9a46-6cdbbbd2b6b0
22,a403268b-dc8c-4e1e-b9f5-5c59a0f05140
22,a431bfd1-7bcb-415f-b547-d496bc9c99d1
22,a6c0c442-bce2-4323-b918-9d24edcc9289
22,b9f22c4f-350f-4d5b-bca9-a801d1308d29
22,bc40dec3-acc8-46df-bfa7-ec90cd8ea067
22,be00dc52-61c7-4fd4-805f-7c67ce7073af
22,c1627bbc-3dee-4375-9dbf-d5124483994e
22,c6c3e037-dcf6-479b-9b16-d50cfb57d2c7
22,d100cbbd-9be2-4cdd-9835-31748884609c
22,e3a0622b-9fb3-4c33-84ed-bab17ec7bbfa
22,ecb9a409-c226-4004-ab46-6182776679f3
22,f21f0eea-af75-4706-9324-b50187e2330c
22,f6294e32-82c9-4d38-9fe6-342bacc8be81
22,fd3149dd-3a03-4b7f-8ce6-ef27bebb3339
22,fd3877b3-312b-4e06-ac75-836e4b4cbe9b
23,17ff1315-2bc8-4565-a637-c6a59cbc0e53
23,25b81e07-5a43-46b9-bd09-d8534a470985
23,394d8f3f-557f-47d1-b02a-09607014b900
23,3e582953-cfa7-4055-bac4-461b82ad129a
23,3eeee37b-0b0a-4ac3-a56f-1c57619db7f7
23,4285a420-6b7c-423c-8348-a520cc1c57a5
23,4675d275-fabd-40d6-92f1-62959dd17e45
23,4a5bf37e-37c8-43f7-930b-a020111977bc
23,52833c92-e31a-449d-a3cf-1cf7fe84996f
23,544a5340-5398-4e3c-9f36-3816343f0dd2
23,65bdfbe3-7785-4582-81a4-28e20949f8a4
23,661f9fc0-4ba6-47c5-afe7-45cbee5190d2
23,66ef5d05-ae8c-4f96-a6f4-3b1f3071156b
23,683ebbd6-a9d1-4a98-a87d-17cf82633ed0
23,696e63d4-5fbb-4fc4-9fdc-f5b63e862cc8
23,6ed0a426-9298-4a83-9a00-94ef45a3dc97
23,70588c1a-43e1-4a7f-9cba-4e3e534dce12
23,74b87746-6841-40d7-a327-d6dac788f4fb
23,7751d39d-7c0b-4fb9-a926-d13cc8c2a062
23,865725e6-b5e0-451c-9437-5e7e99704a3d
23,8a2a73b6-ba15-4940-9b21-0f586cb513f8
23,9054ef13-3611-4199-8993-6216e5a59c8e
23,957a999a-518d-42c8-9a4e-ee3b041bf357
23,9c406f11-672a-46bb-b4e5-ffaa8d22b3c3
23,a6d3da61-221b-433e-9882-a5aa4c26311a
23,b1f7b42b-0a22-46f9-a8ee-0cce4aee39a6
23,b2c03c8a-cf0d-4361-99c3-f093c0807394
23,b34b8234-c12a-44e2-a46e-5043b0eae406
23,b5034b01-962b-400d-a150-0974ef0b117a
23,bf5eab97-01a7-4f85-8723-94f15316819a
23,c118bb0c-3e07-40f0-b6af-4cf7aee7e73d
23,c1853aa6-3883-4db2-bbc5-93e4aacb039f
23,c1f9ef64-faaf-451b-a565-6f8c3751a4bd
23,c414eecc-28a4-494a-9199-f53b7e1d1d7e
23,c6114c3b-13bf-4ec4-881c-bd27a9886ece
23,cba55653-09c1-4b0f-a46c-d2f64fbbd98e
23,ce972114-58a8-4953-9cb7-343915b6bfeb
23,d5bc4ec0-39f1-4d44-bb21-d1e9e88d6c35
23,e780c91b-e8a5-4911-b0c5-e0ff571f5e16
23,f24debaf-0ede-4e31-abc4-76776c9f4476
23,f9b40208-3663-4703-aaa1-aa654a2f004c
23,fbd7f712-9dab-4314-921f-0edfca0f369e
23,fbd893a9-9ae0-46cf-9284-188583d7d291
23,fd14e043-78e6-4a2e-9090-abc6ff4f7179
23,fef73643-6782-40b6-8a73-d4b965d79762
23,ff017ccf-ada9-47b1-867b-a6e98afafe9a
23,ffcde3e4-7766-4d46-9e91-2fb213eedba1
24,0a53ff55-8f07-4d43-927c-3887e99456ba
24,0ab5b18f-b6bb-45e7-8c0a-3613002edef1
24,15afec54-0a09-47da-984f-4f850614963e
24,15c60495-4c9e-45bb-853f-fa70840af13b
24,15edea66-0d40-448a-bede-3aa0b07bdbc5
24,18563d79-a30b-4734-a31e-efca2ef8db60
24,1e57d0c9-2f34-460f-995f-1a124041b327
24,1ec59c87-0ecd-4a74-8eab-3ecfdaed5bfb
24,1ee94950-58ee-40df-84f2-0d78b0eabf44
24,2448a9a9-8043-47b6-96f0-dcd5e111fe66
24,2590e8d0-3b79-45eb-b56e-9fd218546388
24,26c76ae2-ac54-41f8-8b1a-84834db4dad0
24,284e9bfb-f121-4642-94bf-4f1e21492e1a
24,2c602c50-5487-4488-9705-74f094ad2de2
24,2cce5547-6569-47bf-ae23-09347910ee56
24,2f0efbc7-4522-414b-8c7e-27d2acd22316
24,38b38257-030b-4245-86d2-aeeadcb20b32
24,4c197694-732c-4f58-b027-406445a4387d
24,4fa86a0b-a7d5-41bc-af9c-ad16c9d00123
24,50f1a9b9-a1a1-4d2f-a9b6-ae43ee229b99
24,5a8c622f-c52d-45f2-8b96-985903042926
24,6529c20a-6bf6-4de7-ab5d-2d6bdfec5663
24,67908be7-cd5a-4b17-ae96-f98609e57674
24,6a093231-65d2-4868-bec6-996d03f501c0
24,751851ae-2484-48aa-bfe1-5c99b6f619d4
24,89f99852-6ae7-463d-bce5-f1c221cfd035
24,8c024c18-73a9-4aa7-80c7-67552ec5914a
24,9b409428-e101-4db7-9b3a-a71932cd0489
24,9d083994-6c96-44f5-9b49-65d7f88a927b
24,a5c6d941-cf2f-42cb-b7bc-a9a100618981
24,a7a8e3d2-95e5-42db-94e1-c9a06725c96e
24,a8d62351-b746-4173-b35e-cef2633d933e
24,a9918be0-503a-4b09-9dbf-2ad0ac1c6c72
24,aa8b99e9-f243-4627-a100-fdf5b8a9ac6e
24,af74cf44-7e98-435c-8773-e1208efc4ae3
24,b6f831a2-8427-4dfa-984d-f284cd424479
24,b9701c6b-c568-4abc-b558-be579d7bc005
24,c65dc58e-74c4-4bda-8f2b-ef9856e97250
24,c87de2ee-6601-40f3-abc2-283d72c2d930
24,ccb057a5-74ab-4b19-953d-54c68dd215f5
24,d392c0f9-23e8-4e89-aa48-5cd715786dd6
24,dd604d2e-9e33-40d9-8023-64f5ef0cc8db
24,e295c4cf-4df6-4488-8ac5-91fa0b4b762e
24,e74e9750-ba8a-494c-ab63-c129458619f0
24,e8c2b067-c744-4e3d-a728-2cf376759960
24,f54a960c-855d-47da-bbfb-d02db96ad87d
24,f6eddea2-4746-4416-90f8-e01757c8dee1
24,fd97de30-93f0-4cca-b42c-fc7d57435e9b
25,00b3e01c-d49e-4b3a-95af-d1463722f7c8
25,04790cf0-a368-47f6-a01f-1032b77c32c3
25,0dafbe87-5764-4638-824f-9b87b5cb0389
25,0f7ee56d-7c09-4542-8191-932953c9e359
25,11e2de92-860a-4295-842d-2f841b93a46a
25,19f222af-b790-4bb0-8f78-8935e531350b
25,1b2b0d9c-97ff-49e5-8fd8-253f000a9a79
25,1cb790c8-a1f4-4ac4-8d72-64bfe63d4914
25,24f3492a-bda9-4a53-85bc-207c356a399f
25,29559420-3f71-407a-aa91-ee463fdef7bc
25,2d97ca67-d611-4a92-a7b9-5d8367c2162c
25,33422963-8dd2-4f81-9aa4-a1b88111c791
25,3c6fe343-7af6-4d36-96af-3ed90907d7c7
25,3e5cba25-c425-4b7d-9f76-aa700fb120ae
25,3f72e098-9292-4881-8c09-ba90978ca142
25,4bdfeaa0-7649-4860-be01-016c05010b88
25,4cd13de3-9367-40b5-a3d5-9c80617d4e6b
25,4fdbf528-5cb0-4d76-84e5-7e386fe27d2d
25,5a3f7a86-9db0-4d2b-9b9b-fde5275b82af
25,5b50e953-e7bf-41e2-95af-a382ce9c537c
25,5c65fe6c-4a42-4caa-8803-a666a85cbc77
25,5e6a7692-d332-41bb-bc07-a6318d19c5e1
25,62bb8c4a-2227-4317-8e60-041969adff94
25,62bd06d9-49fc-4ac9-a82f-a423ed8cac88
25,749fbf3f-1f3a-468f-b746-96416eca5801
25,7cfcd95c-d2f7-423b-84f6-72753fdeca06
25,7eda5404-c481-40fa-a9cb-cf5959f0b3a8
25,90adda35-255e-472c-934b-1ecfef707687
25,98bec2e8-fa04-4147-945f-fab084c267a7
25,9cd00c97-738b-4f3e-8ab4-87ac6d30ce3b
25,9ef88e8a-dc6e-483a-a13f-b3ea9b9f1294
25,a05024e3-141a-44e9-91ee-c136a423ba62
25,a64751d8-d03a-43ed-875e-4e538fc8975a
25,a6d4d97c-6b30-4a97-8423-b9b0d2614ddc
25,a8277d10-619f-4bab-9f84-3899c5b0638c
25,b2b3bd21-e613-4492-900c-94aec4b0637e
25,bc816ad6-e787-4a7f-b7d6-d47dfd735389
25,c170f41c-40cd-416d-96f5-b2bfb472b170
25,c738c238-ee34-4089-b65d-8b7114f9e88c
25,d3dd3476-e15a-4fc0-bde7-c2a5d0aeef45
25,dd06c6f7-1af2-4da6-89cf-c9021e8312cc
25,dfe5cf68-1363-4510-8d59-0ecc3c2b85be
25,e15ee526-842b-4aba-aa20-d86665764658
25,f0849eaa-ac87-434c-a135-71f0c360735c
25,f256f382-dbcb-4f7a-930d-81dad1a44a73
25,f6aaa708-a396-4ab9-ad2b-15264eb74ea5
26,06daea58-7ee6-40b4-b035-d0cf05323497
26,0833471d-2f72-4dc2-9453-c7444e26a3f2
26,09d48e11-1690-495b-9daa-a37a18e58689
26,0eff946e-8035-4826-947a-2d46db12a965
26,10dae5ea-b2bd-4bed-b4fe-d4bc452903f7
26,1120ed77-3d70-42a2-8f0a-96aec23b0335
26,11b3bc88-acc9-4abc-b588-cc9a2ee9cbe0
26,311c2e03-fc5f-45c4-ac3f-d179323e5004
26,3260f102-72d6-447c-ac5f-79fc3137a29e
26,34393a72-a85d-4dac-8005-65fc3778e78c
26,34a967ba-f26a-4d67-9252-8330d352e17a
26,373f2833-b255-446f-a146-577a3484d99e
26,3be81323-decf-4c66-a4e8-c36a3b6955a1
26,3c6f404f-28b2-4f28-bea4-65a933dd02d0
26,47979644-1a87-4640-bac6-6e4635b3a203
26,554ced83-0e2a-4ebe-bb43-bec6f4ea523e
26,5edf714c-98dc-4659-ac0b-8e78f537fc04
26,61fdc0bb-f5f1-4866-a0ae-efdf247bd09e
26,62da7b38-2c4f-4e4d-be99-f6e81e20f30c
26,6536c5a3-f6b8-45ba-a6f4-b90a9988ecbc
26,7a00c73b-9207-4bfb-b963-ba0fce89c93c
26,82d5df48-728f-4230-8ad6-4a56af291fba
26,88bc299a-905f-40ce-98fa-cb26a1f2cec9
26,8973f3dc-7cf0-424f-824f-685313cd8806
26,8eb9b999-4f6a-4a51-b2ca-3f92eee31e8c
26,8fe4247b-ef67-4b36-bc9d-1bb3ce3c9168
26,9ae2d89b-e40d-4b08-a625-6ec8eb804e38
26,9dd16dcf-358a-49e2-8710-b940276bf6c2
26,a3412dac-03f7-4e2c-9616-a25b9016a46f
26,a3ce372b-d6e2-43f0-98a8-f7c9f1cb6971
26,a6c1d17e-ee96-42b6-8612-0dba8c5fdf77
26,a95a4495-f6eb-4cd7-bcc1-be242d56e4d5
26,ac8eb512-9dad-4f13-a52f-4fd65ba1ea04
26,c40d6900-3067-4959-96a9-13c3a4da598c
26,c45d4fc6-6d9b-4b83-ad09-e2b2fc14cf49
26,c8290475-3e60-4484-9b60-8cfd5da6351d
26,c8fd6815-351b-43d9-8993-ea17c4fc3000
26,ce54e7e7-ed9e-4704-aae6-0e168b24aa34
26,d3157bba-0a5f-45dc-aaec-1b2a6bc1009b
26,dc2bfb8d-55ee-42c5-978b-e4b33f68fa34
26,dd889cb8-19eb-4703-9414-b3ad72f527a4
26,e4902571-b0e7-4061-bee2-3d1df5a549ff
26,e7e7cb52-744a-43c8-b0bf-837df130b330
26,e8d4ce15-0307-4195-8fbc-b5ecf19c6333
26,f1fdd423-6dd3-467b-b5c9-b511013ea476
26,f8102cb5-fe6e-47be-ab4d-8a21de5a47d3
26,fa66fb88-66fb-48bd-b972-6e4a25aeb05c
26,ff712997-968b-48e8-885f-00f361bda04d
27,012c5978-15d0-4fad-bfb5-9240e4f8e9b6
27,09c6a9a2-b24a-49c7-b7f6-8abf81306963
27,2568e2e8-a3e1-4de4-816a-1d9e1fe62a10
27,25d5d0fe-c80d-43c6-a0f9-1a89837a1f2a
27,2631ade1-6d8d-4998-bda1-29cc36464744
27,2b422c0e-299a-48ee-9c99-a189d255c185
27,31f4a680-1e9a-46cd-a509-665fb7e0441a
27,324861a8-463c-45c7-a330-6857c27fd692
27,3ed8c722-9fee-4830-b9e3-98e8cb323ae8
27,3ed9c11e-d61a-48ff-b808-894f675724b9
27,44036eb5-86b6-498b-9d4a-48b5c1f987ce
27,522610af-94fb-41a4-adc7-2bdc8ae2fcec
27,54a7a860-ca40-486c-b21f-e7cb1e5dfbf9
27,5717a371-dbfd-43f5-a456-f757ce1d3a7e
27,59dc29a4-0d1d-4211-9f84-e7e6424fd806
27,5bd121aa-209a-4d36-a720-3d76622cbb6e
27,5f88cc4c-7f91-410f-8547-dfcce1c59e93
27,685d13f4-9e74-4b2d-8756-c25eb620ebde
27,7091d9ff-8666-4b62-8e86-e8347a0f0ec0
27,73538a2a-d259-4a8f-ba8a-f048d9b6a5cd
27,74cf9a26-325a-46a8-b4c1-ff5876b7b117
27,764d1303-0680-4965-9ee1-fdb544ed5dee
27,79f5603e-c3df-49db-ba4f-7517f0e60b73
27,7d80ecc5-f35c-4471-9c79-b343cf65c9d0
27,84e40926-ef9f-4d31-9b14-1661655a6469
27,8672498a-2bd1-4db6-bf41-b11a99594aa4
27,8a1629e3-dc0d-4ad0-abf5-9cd9a6b63031
27,a6406aa4-0648-4467-b10d-72a4fc5086ab
27,a9d1870d-df3a-4d9f-b6fb-3ce2c526511a
27,ad47dd04-5a96-419c-8a86-2ba67b0708bd
27,b91a2557-b0c0-4d7f-9834-862fbdc1f863
27,be24f4b5-81df-4923-bc09-94535ad51a27
27,be7f7d36-3252-41d6-ab0b-88738058240b
27,c2bc1cdd-4d5f-4564-bbb5-ccc2df0d1453
27,d50794c3-d19e-46af-940f-19eaac670a02
27,d8a388a0-752b-4ec2-b17d-704def588836
27,df0359bf-a278-47cc-9a45-f8bed28e08b2
27,e1c1678c-16ec-4698-940e-7db0fd5c385f
27,eaad5d27-2d56-4203-9ce7-0e9c36e9b68a
27,eb6e1c48-4941-4ddd-8679-6e8f3f584aac
27,ebedc2e6-dc33-462f-bb7e-5b5d0b2d4c8b
27,f12e466c-eaf1-42d2-9ec2-47b650f3ba28
27,f48e684a-85d1-4405-be8b-ff9d5ee09583
27,f6c9b8d2-c2fd-4517-9ab0-c0acf22ac4d1
27,f75447ef-a106-4705-b4ba-a10bcd5f1a6a
27,fb6ed18d-688f-4aeb-af44-4be0891c2d02
27,fd386156-c2e7-4456-b5f3-3e25ff634d48
28,006cb575-a142-455a-b63e-c21fd61f05fb
28,015b2c8b-0aca-4774-a19c-9ea76c462c11
28,05971f2d-224f-493c-a034-3b137cc913ca
28,070fd34c-42d6-4287-a3e3-5fc412bb1d1f
28,106348c9-1341-4c47-906b-1834397f56b9
28,118b2c0e-8d38-457b-b972-bee265a75b0a
28,134864dd-39ef-4f61-9bb0-4e994681bc0d
28,152d1fb6-46c8-4244-a5c9-f9a9b399a386
28,1aa60206-dde7-4965-a7ac-971e67605f45
28,1ead3dd4-d331-4783-97a7-5447b14bf2f5
28,231ce0d9-eddc-4901-b784-3f0e2df9a4a1
28,2682e769-dbb6-41a4-ace9-c4b3851be1f3
28,294528c1-4908-447d-95f1-2ca0177166a9
28,2e42e7a6-ce8d-4aa7-b4a0-9783d049b3ac
28,2efea863-2947-4820-ac5b-90de5973dcf7
28,32d6ab85-ada5-4194-820c-fa25380f64da
28,344fcdf5-3337-4fe9-a1f5-ed23abf52a8f
28,34f8c4a6-b941-4a3f-9678-50a09688ec05
28,3d41afb3-ab98-4b42-be42-61d16227a358
28,45077695-c2eb-4341-b8dd-3e9480dc8cc5
28,49c5a8ce-123b-4374-a4a4-e3f5a2c2957b
28,4bcd437c-da9f-485d-be1f-fce5d4cada1b
28,4d14cb6a-870e-47cf-9c2b-73d63d9136ea
28,500bed3e-768b-41d6-b02a-05ec41183742
28,6a86dd7e-26e1-4706-bc87-4d08ce92862d
28,6edbb98a-4b5c-4590-93d3-e6072c8ad089
28,749c9bcf-137b-4855-b329-1bc2d04101c2
28,79050e79-c644-44c7-a809-a3c3832350d3
28,7d7f1a6e-ed57-4295-9ff4-edf43f7e85bb
28,7e51a2d1-53af-4ad8-9620-dfb4f3160c52
28,7f39ba1d-dd2a-4249-b0b7-74445837f859
28,802348b9-56aa-447e-8d67-c9f21d8c9e0e
28,8b4ed8cb-5b2d-4132-b858-0376d104c786
28,8f80358b-f88e-4ed2-ace6-5a7fb5dc8e47
28,a3488901-405b-4cf6-841d-55306139a947
28,abd28254-a9cc-470c-9c4a-a938ca1a6043
28,b0de70e7-fb9a-44cd-874a-151dc860795a
28,b5b3039f-0da0-467e-890c-fe54683c7490
28,bbdd0256-adc2-41ba-8212-cb3498d84347
28,bf6d22b7-f642-4d78-b2c5-d2c633b8d7c7
28,d133f6b9-8baa-4141-9c21-95b00391fc12
28,dd527e29-682c-46cd-bd58-f293c72de050
28,e51bc60c-e4be-486f-8244-e7aac01993e6
28,e72f739d-e4ed-41d2-8425-16cef3e8adf3
28,e8ac6313-175e-4b96-b9b7-c55dd258a4dd
28,eda2dcae-df77-4d05-ab65-0a96b86430ba
28,eed87edc-4860-447d-9724-57aef69d970e
28,f57890d2-0d1c-4f99-be4c-9dce8a8b3888
29,01c89d2e-25aa-4205-8258-71870f78ed41
29,02400f26-1e52-4b2e-90a7-245eab374a1b
29,07cc3917-46e6-40ba-934d-50d68fb90351
29,17fe6a5a-cee3-4ea5-bbde-82ade5082290
29,1ca67294-10e4-43bd-8acc-31ae22d2fe9d
29,1cb3a4cd-caaf-4262-a0fa-a07107f3fd38
29,2ac9222e-c9eb-48c9-ad14-a0d5a9cccce9
29,34f353a5-ce90-41cf-84fb-067f5596c0e9
29,38301350-0704-47f1-8790-ada08c194ef7
29,398996f5-af49-4eaf-b993-122c95f45f89
29,441a7907-268c-4542-8dad-8e6083675f80
29,48a79385-4d08-4a82-8bb4-2fd5e266103a
29,48e0c1db-b452-4115-baf6-4ce9fff952e3
29,49c88710-fd6b-4652-af4f-faa4436a3400
29,4e336380-5d5a-4dae-973a-bf640c1867f1
29,4e50e445-5a92-4497-8ded-104db902f78f
29,5530a4ec-b4f0-456a-9c47-0454cbef457c
29,55644b0e-2cb8-492e-ac6e-b7ece7120a2d
29,57429495-1153-462d-a43a-16e05540ef41
29,60a5e892-5952-457d-b53b-3f11dac9a065
29,616cd294-b886-4821-86d9-3842c94d8456
29,67039839-ef4c-40b0-9501-f596912c3012
29,67145fa4-9a36-4a28-bfdd-a822b8a8f5f0
29,68ae923d-5bdb-416f-8209-9778b2077d02
29,6e476329-414a-4883-8489-902b1507f177
29,70b3bb70-1633-4cf7-aedd-3f2639786a8c
29,73218d42-2cf6-4e07-a256-917be5efb599
29,7afd8905-3728-465d-a67e-c38ad620f589
29,7f555348-ea3b-4c13-b113-ce9f18667136
29,804720a0-abdc-41b0-bb86-c1ebb6d620b1
29,90b0d465-077d-4e95-aa35-7e05f98d1cb7
29,90c93900-67bd-4820-9d1a-60db5e240ca3
29,9ef10407-560e-448a-a3a8-c362af1e4d60
29,9f240b60-1288-40a4-9cdf-746748aab6f8
29,a1f52cc1-574d-43c2-a458-072ce0cf0795
29,b78886ea-333f-4405-8514-969d9d611021
29,b7b5ddf6-bb53-43fe-bcc3-1c194d62ed4b
29,b94ea2c9-0309-4391-9dfb-fcc12b19444c
29,be1a8192-5a53-48e6-aaba-763cbfa48d44
29,c789a4fa-8feb-42c7-9f49-7b4ff8d6db2e
29,c984e5c1-28c1-4e7c-8952-96f53d2567d5
29,cae9cb41-ebbb-4b55-b99f-cab4e7bc3d10
29,cd94faf2-e882-4caa-ad8e-9f9d93e5fac6
29,d4b8c275-52c1-46f1-91e6-cb8424c78e67
29,e9f24a1f-3f89-4496-a584-48b4f74dec20
29,f5655815-d8c0-4f99-83b1-b43a78fafdee
29,f7a2d971-f8dc-4140-901b-e188260c534d
29,fe8a2a60-c418-4dd3-a6c2-69eeade745c9
30,0fabd923-723a-4609-8f3d-87054baf819c
30,11d016d6-6c69-496a-b913-670ce2bc7958
30,11e47efd-d102-41b3-9952-def7cf2330b1
30,1a0e8968-970f-4862-96e1-2770d9888528
30,1bb12879-189f-4172-bacd-45ac05e3298b
30,2221dbf7-da5e-4d41-8601-a87593ac52b6
30,224ed4a1-006e-4bf1-9bde-9c7e581c3e87
30,286a843b-a87e-4ac4-bb7d-846973a2388f
30,2dc4ba26-c138-4521-88d7-44ff4f6b9ffe
30,347ee0c1-8f43-4fef-8d71-d7fd509ebe17
30,37cbef0e-771f-4be9-b340-37fd9b7e197a
30,397a59cd-1ace-4549-abe7-04a699eec4ab
30,49448ec5-fa11-4515-b408-ee60df63a91c
30,500aca12-548e-4155-a1ab-797aba2effd0
30,52fcee32-a38b-42fd-9d84-42b2fc293158
30,5302699b-f484-45f6-9416-38c98c4f1830
30,5417c945-f164-45d6-988f-71f2df92653a
30,6cc79a63-84be-487e-b267-0bd5e22faba0
30,6e9cd23f-725e-4f06-83d4-9f435b8e3d4f
30,70880027-e518-4802-835f-aa1266b07b18
30,76cd738c-1539-4fad-9273-7b95b5bba48d
30,7eabd4bc-b48d-45be-8b70-d5a73a3dca15
30,843e2198-6aed-4a3e-bba0-d7a084484568
30,9a156ab8-89e0-4659-ad56-abaab4250bab
30,9f01abfe-fab1-4c60-8fbe-bc2e517f7777
30,a0ac6066-8a75-4cf8-affa-b02940bcab17
30,a1524405-b4b7-475c-a0c5-cc64d3ea2182
30,a97346c5-8090-45fb-8a27-4a712c32f9b9
30,aa7d2913-874b-4863-b606-6e914374d738
30,acebc072-8001-4601-9a11-d40cf341df30
30,ad78b8a7-0adb-456f-b6fa-0f52b38c6051
30,ae601fa4-598e-4b74-aaeb-0c5e5d7496cd
30,ae993e3d-34a8-4ab9-ae7b-cfb3ede3a0f8
30,bbbdd6fb-b34e-4769-a417-4d04d0987e2e
30,d0bb0494-1a14-4c12-b052-36f57bc70271
30,d2da777c-c6bf-4403-bdd9-7f5f2fcfa073
30,db78e7ca-4886-4a04-865e-7661b01ac934
30,dbe29754-9bdb-4fc6-8ab4-d0598257c6bd
30,dc10c44b-0e31-4ef5-93d4-d800fa911991
30,e0c584e9-b0be-48de-a839-3d49aa0e4692
30,e31493bb-1a3f-424d-b8c5-02f4903ceaee
30,e49cb746-33f1-47e1-9da4-5cb7343f7b8d
30,efd1d540-2d0d-4724-bb3a-34335c119090
30,f94fb00c-3fdd-4fed-bd0b-0e7afcb21e37
30,fa8d5547-560d-421d-8dbf-95f13497167d
30,fb9321ee-39ff-4052-a72d-b4be4a5f1c60
30,fc4189e9-c4bb-4c0c-a51d-0c8cdd0e7b53
30,fda5cd46-afe6-4ae7-ab04-fefa0fc100a4
31,0b6a7d90-777b-42dd-97ef-69a2c0567460
31,11b63812-59f2-411c-b3b3-8f5550710129
31,121f612e-ac26-476c-8fee-d9ea59cae01c
31,125f015f-d057-4d38-a120-400f59514ad9
31,18b2753b-7ecd-486d-9d32-d24aabb693f6
31,1a1c1b3c-9448-4397-918b-2cfafe13db1c
31,2224af33-e7fc-4bc3-b4b0-d83cee8496b7
31,282a17c4-b14b-4186-8dd3-39729cc0f870
31,292fa1d5-9210-466c-8662-55f5fe3fd725
31,303a831e-94bf-4513-8082-fe809924d28e
31,3729435d-93e3-4e62-ad6d-468ed52d16d8
31,3eaf47c5-2777-464d-a42b-aed020ff87e2
31,3ebbe90f-8172-4f22-9443-3210d418a69b
31,3ebd4e5b-041b-4474-8f9d-6653d6f4ac6a
31,40dc01f2-fc4d-46d7-b87c-9cac0b82e067
31,49512ae4-8523-423b-9918-840eef891266
31,4b944091-a8f0-45a4-bb1f-959752fe1963
31,4bf80f81-ae9a-404d-aec0-c4325f74b154
31,4e4ce78d-07df-4ed0-8abe-2dbca502de54
31,54a78482-ffde-4543-a8b5-aa3a3b409c33
31,5a1bc21a-1049-48d4-8e60-ed6eda46a296
31,758da994-f1b5-4338-964a-374567f1b0d0
31,77bfd07a-991d-4651-87a9-4f2cf8ef386d
31,793e5847-18bc-4831-b5fd-e4f439fb86cd
31,7b633946-5916-46ae-a984-104d8506f7e9
31,8266f66f-a133-48b3-a798-70932cbc5bc3
31,863ca102-1efa-453e-88a5-a5704d6ad7bf
31,8b905551-d66c-4b41-92f0-3347cefca0e1
31,92d75cc8-9a87-4505-ab4c-34181aa3ef18
31,9bd4fe62-b32f-4228-b5ce-f46a0db27064
31,9c21152c-99c8-412c-8a58-2146b821d669
31,a43f6753-0a95-4c36-8042-137996348aed
31,ac2899bd-3c39-4454-beaa-91108ed9a3e2
31,ae8ec0ba-283a-41e3-b60e-e3f4b793c2b5
31,b5a654a9-ef84-4756-a623-d0c874c59412
31,beb068cc-21ef-4041-a8f7-7167575dfd93
31,c789690c-8dca-486c-b71e-19362d8433f2
31,d307ff5d-97d3-433c-8457-b9e31390fced
31,de78402e-5341-449b-8f16-37277bd0e88f
31,e736d850-d036-4e49-8040-2fab556bd508
31,e77a034b-17cc-419a-8c45-b7d5d13b4653
31,f1cad332-5c3c-4763-b952-99ad0038aa33
31,f50eb3fe-983e-4570-ad25-2d8e586473fe
31,f939fa2c-6d97-49e0-adfd-67c2e9e4d390
31,fb44d1bb-6ef5-4b18-9d32-100cb4fa0bcc
32,05aff805-f24c-44c8-9dd6-f8007f033a5b
32,07a339d4-9794-4a50-a167-93da9b5999dd
32,0803c39a-0ac6-4f78-9d8a-0699114b3bc3
32,0e69afe6-58e1-4655-946f-849e92adbd60
32,124ca8e9-7292-4691-944e-e3a3453ac4d8
32,14a8c425-85bd-4981-81d0-44335786eea3
32,169aad8e-16ed-4ac2-b4fb-265510447e2e
32,1f4f6ec8-a885-4f75-a3c3-f2589c64cef5
32,23cdf23b-ec78-4f00-b9e3-e753f32a5163
32,2e5500e1-6bf9-435b-ab4d-d3feda7fa962
32,30520927-a75b-45f6-b310-cd90664552af
32,31067e9f-6259-4bac-9feb-5a0700536b59
32,355d7b0c-fc5e-4714-b0de-b50db65b9bd6
32,3754eda1-1451-4c77-a0bf-cf369d6c5035
32,38fa1367-b5d6-4f8a-bb6f-d5d702352f71
32,4052012e-1988-4833-95ef-d7c97b26ac4a
32,439d5aed-3c75-4b13-b776-eb7b464def5b
32,45817586-6058-41ac-904b-5a33b906d61c
32,4ef7c7b0-10ae-4c3f-9c30-588aacc1dc4a
32,5229a359-42a7-490e-8e30-ed1c71bc646c
32,5601b69a-6cd4-4470-af43-c757f660ef48
32,595cfbdb-3b8e-4b71-a61b-3b7803b951dd
32,60c280f6-c682-4486-b215-163640994cd8
32,6e83b73f-fadf-4b03-a43f-03430a85e237
32,82557970-9eb0-47f7-bbd6-20fdc3f5db08
32,909efb11-3312-44f0-83af-b8e7ec125c13
32,93f9b000-8a17-480c-b4a7-9238099eabc0
32,95b36a01-6a92-4aef-bc14-875e8f78aba2
32,a95f7324-9622-4dac-923a-105d0b1cef80
32,a9fcde65-5f67-4b7d-9ab9-8451b1e8437a
32,ab5c6552-9417-4e8e-bcf5-1e4197f606b7
32,b218a5ae-91e6-4f89-8d7a-1873bbc6b830
32,bd6bb18f-a526-4d0d-8e86-7824c17ccda5
32,c727a5bc-3fb9-4611-b9c3-9c334433dc73
32,c9070d6d-bcfd-45d1-8229-6b2a1ea96341
32,dd2484b6-2c06-4cdb-9f59-27bc1d09299d
32,de30f35c-a585-48b2-9503-ed7c9fa5f0c6
32,dea4ddb0-4065-47b4-b5db-5bf2e605d5db
32,e565a07e-da49-47ae-bc80-bb34723fb513
32,e68e7757-70f7-4439-96b1-6a13a8ec6514
32,e7aa6479-a99a-4fd3-8bb4-f2dd6643a45b
32,edbfa5a1-a90e-4882-870f-4abebce7d580
32,f4366f84-6bb7-4638-bb2a-d339b75bfa76
32,f4d97965-0487-481b-a3ae-9bffaf950541
32,f62a2160-b800-4a9a-8f44-d47a90a3d356
32,f648f0e3-b94b-489f-be31-d75048b94d40
32,feb0c17b-aa18-4ea6-b2ec-a3d757582993
33,071c5ba6-9f84-46c8-b852-0f632442f65e
33,077e91ee-91aa-4211-a2cd-8704c5947467
33,0e8dca1c-4189-4cfe-ab24-5b965e5fc331
33,11ce50c0-641b-4e3a-b8a5-58591a38dadf
33,14acb86c-ec12-4ec0-a96f-398bd95de6a0
33,1588841b-8a59-472b-9c90-492a266905a0
33,174b14b7-91ef-4e3a-ad4f-a834379c2c16
33,1df1f3b8-6a15-41e2-b7d2-c4f048e27077
33,24a310e4-8135-47f5-abe7-dbc2d79838fa
33,272facba-c6ba-4e69-ae1b-a8bc616bbcc9
33,342ffdef-48cd-4cc6-9568-5d4aa20243e6
33,34c6b49c-0cbb-45fb-9266-ca5c816f05ca
33,413d65f6-b4cc-448a-8e64-ce49c4e099d1
33,46aa0517-0879-4348-87e3-1ace10d9948f
33,46e653bc-bacc-421e-a68a-0f4b42c3fb42
33,575b39a2-bcc9-468d-ae23-7d06126c691c
33,581a44f1-0214-4f59-a518-2b4325c4fbc1
33,703eafb4-b2bb-44b0-9cf7-6861daf7777b
33,7085d135-03dc-4fc2-9ad7-07dfec656614
33,73c101b1-fbd1-4e55-9d34-fee00e268ec5
33,773e128d-95dc-46c6-9586-44cbdf622c2c
33,7955ab92-18ad-4543-b99b-a4a5ec163eda
33,7e101b26-151e-4ca3-b6ce-c9b8d24c91ad
33,7ec50cb4-2031-4be2-a502-3c6e860fa50b
33,81a25c09-fbd6-4d51-9a5e-234345167d10
33,8881db66-8ad0-40c1-80d7-f62f3bcc39f9
33,93b671be-5eb2-4c36-8db4-d039a509d07c
33,a69f3f5f-b2df-4dda-b9ab-d2cefd3f0323
33,b0067fb5-56f5-4115-839c-08f5c7cccce7
33,b86bf893-0969-4f99-b452-f4bda17ba4ba
33,b9848408-23e2-4d6f-8cba-aec518a7aa13
33,c03d6c9e-554d-4e8f-a825-43c4b5f57428
33,c48229ca-4eb2-4029-adc7-03b5aa6ba50e
33,c570300e-6536-468b-bf74-46939f5a8a59
33,c7b98129-4e25-400e-80d8-8275cd4f3203
33,c9eb7f6d-d4a2-4886-9eab-2a90fbeb7868
33,cb52c5a6-13bd-4767-98e7-1c8c4fd0a430
33,ccbfb875-b89b-4c5e-b322-3712814b3b04
33,d535b8c6-1cfa-4c3d-8866-ae6402fdd5d0
33,d5525913-85d7-48e8-a56c-cfd722d1a0fd
33,d9d543a2-d738-4730-828e-83b8f9adb0d9
33,df6a057f-a060-4a5b-bc4c-0636400dbfe7
33,dfc14738-5cab-47c0-ba84-decb06444ed4
33,e11e2019-06d6-4422-a90b-90cd5635332a
33,e19d4dc7-0a87-4023-bbe8-2fbe30baf8b7
33,e1fe2198-7d4d-4cf8-9210-32059bc6376f
33,f3745de8-d747-4669-8b2f-a2bf8d9a646d
33,f612df0a-1d30-4776-9a76-996d8e361943
34,0d39fbd7-b5b1-481e-b56f-bc51bb5500ba
34,0f0bc0c6-1521-4d97-8534-ad6e7a613a86
34,17d14307-2c6b-4927-a752-c1ca705e5232
34,1c3121f3-fd64-4fbe-a556-8d0ff639964d
34,1da2772b-95ca-4e4d-a9af-4b699285ea05
34,28f23ab7-57e6-4b87-aa40-5f9e8ceddd01
34,2f328748-6816-49a8-a5a2-84d077344fdb
34,3c33b8d0-8254-4548-9496-3ec6ad709e23
34,3e139be7-0c0e-495d-940b-7379d89b6cc7
34,44d92bee-5518-4b9f-8dbf-5ee0ebf3bf7e
34,45ccec44-d905-45c4-b8fc-2b408d6b7a87
34,4b4333cb-daf5-4873-9c01-13de301c97ff
34,4c7b0647-7674-41c4-9e37-46fa1a623b2f
34,4ed8b734-904a-487a-86ee-40ce3207ca5d
34,50f52497-77de-44c7-9eb3-264f29e05fd6
34,531e0a60-bcd1-4308-915d-56d0500ee3dc
34,5933ef71-148d-43a6-9cd4-16e14fd89178
34,597a4b3c-ce8b-4027-b8e2-48683c568527
34,5a162ae1-440e-4571-8be0-e9e5402b299c
34,742892c6-8f75-4f5f-a77f-f021e646e757
34,75293bb8-432c-4afb-b9e7-3a5de0ebfff4
34,769239ee-bad8-4d21-8cd0-76577c0d1f23
34,79563c83-20f4-48b8-8b26-cd8fd41ac367
34,7bdcc79c-19b5-404a-8888-8b0fcef20a8f
34,8aedd323-3eea-41e9-bf1a-ab251a137d27
34,9c7c59d7-5a1c-42ba-91ad-8a7885ecd8ea
34,9cd5996e-2a6a-4897-b77a-a02e96d60e20
34,a0d8cfa1-fa46-4f0c-86bd-1a6c00852bff
34,a47bef99-ad85-4402-9312-b7b4abae15c8
34,a92242f6-bd03-41a5-aee7-a729a6c60311
34,acd23a6c-0327-4b5d-b026-b43632134225
34,b688ffda-5d54-4f1d-886f-45122781954c
34,be0e6949-2a00-43fb-9819-a2db8ec3534e
34,c47f3865-73da-4aab-a7a9-cc6434ce5d31
34,d096b33b-4658-4064-a3b5-54fe9041127e
34,d2104613-aad6-48bf-8f49-bc2ad563a344
34,d86cab0f-660b-4824-9d18-76835ad6e1b6
34,d96655b0-b161-4539-b169-350991bccbdc
34,da8f734b-3032-4641-9ca3-ed92f1376702
34,db2b69df-4444-4ffa-b497-b0de7d07736c
34,df65f209-93bc-44c3-9bcc-96efacdbae35
34,e2af1334-0ba8-4768-8ffc-75659a538941
34,e5564642-0150-45b0-931f-56347abec7ab
34,ecf05bc1-f51b-4c78-885f-83c02024a84e
34,edfb81f9-9413-4f0f-ba8d-9b18a05593d7
34,f193d7ce-0fd7-4792-ab2f-cc574606073c
34,f3a0e4b3-f82a-46b4-a3c1-c661e57b81d3
34,fa74fd3d-9880-4785-aa48-33273b71eddc
35,08a13720-e08a-442b-a9f3-ab1cba14d327
35,0a3554eb-3f8f-4c6d-b6a7-776d7ae70d8f
35,0cf8edfd-35ae-41ea-af30-d8f5fe01072e
35,14ee7dbc-2bb3-4261-9d2e-0d55a8b6d559
35,1788be47-82cf-44cf-90c2-12d57e2df3a6
35,27e65944-e2c6-4819-b6a1-050ace2bfddf
35,2d360db4-d0e2-431d-add2-9081301e6881
35,348f868a-04db-4563-87c6-091c19a29bf5
35,3de89e13-62d8-49dd-bff0-ba9739db1b95
35,3f405e79-737f-4a85-aef7-bc703fd6c7e2
35,4a586ed6-57f7-4185-ac88-310dd62dd80d
35,526641a3-01d5-40e7-90bb-853cb707171e
35,59c1f9ee-a5ed-41c8-8e93-f7c35cf2c832
35,6f461f55-edc0-4574-ad15-b2b1dbad63e4
35,703399ff-b0f7-4fd2-95fd-2f37a9cd44b7
35,825b746c-5c41-4c84-9bf0-61ea23f77574
35,83d7162b-2eae-43bb-9253-77b5572fe769
35,878c24fe-bf4c-4761-8ca2-298a3e6b45c6
35,8e52dc0c-f752-43f4-a2e5-010f4523076f
35,8fc1829f-a16d-4df8-a526-e91d6c61cf53
35,948fc2f2-ce76-4104-9a2b-6e95e893c50f
35,95d538c2-fe23-4cdb-9c81-136c461cdbaf
35,99cf7caa-f02c-4329-a90f-240a58792de3
35,a3597825-12ad-45b9-a351-baf156f1448b
35,a412bab1-da67-4a32-83c8-16678c00b887
35,a568e471-d679-4daa-9e8a-fe302a1869ce
35,a8c77d51-aba3-41fc-82f0-6444389dcc95
35,a9d74557-c972-4b25-8170-6dc13428db12
35,acb55ad2-3108-4f17-9eca-8bc9aa3e5f90
35,af060588-2a1e-419b-9f4b-8f7b0e1fc5f6
35,b2bfe501-45e7-40e6-886c-e24fc1862bdb
35,b3159a13-d2a4-43b6-b1fe-c6981b42fdfd
35,b6a282eb-4f25-4da0-9428-3511b8d8ec14
35,bb2da91d-2061-471a-a260-9224c85a6a22
35,bc86c0e4-8f3c-47e6-a46b-8d9b9dacccc8
35,bd80a849-a8d7-4ba7-9310-1d4a0f3b3742
35,c1b66713-9258-4fed-ba78-04e5268da22f
35,c5a11a29-bfab-4776-b4d6-c37e6ffc95bd
35,cad9c100-1ff8-4665-b204-a972c19fa503
35,cc1ac288-e72d-4c95-8f3d-25b553d6e420
35,ce9a296e-af38-45fd-8f23-b4b087bc9daf
35,d1b68bf9-364b-47b3-b2a0-f98c90107278
35,d5183867-d1f5-48a6-bf77-136601959311
35,dfe2dcb5-1a2e-444f-9968-c1631c954b68
35,e7685e98-6118-4b78-95d1-981adf10c086
35,f088f3a4-c8b7-4496-8020-09ec2dce3430
35,f788df77-fca3-4260-9883-601720845ab9
36,04b3c900-c7c4-4b2f-871b-16feabb29004
36,0a1b9ea0-cf22-47e6-a56d-802cf82046a6
36,0a54cfc1-afee-49db-89bd-bb4d4f195772
36,110c86fa-635e-4c1d-ba1f-d28f7cfe77e3
36,18dc03ee-d2b9-4585-9f4e-f502c2052984
36,196e87d7-d68a-48c0-8071-d90a4d107c84
36,23547f2c-08dc-4150-b2c9-2fa23e62266a
36,2569a349-5b4f-463c-aa49-ea9b27279240
36,2a3909cf-a3ea-4496-aac2-5d641232ceec
36,2bd6f296-d3d9-4283-b791-2238e18b3bf7
36,306c88d7-992b-49f5-905e-5715d42f37da
36,33da471a-679f-4280-ab98-50f3c626048a
36,38096729-ae9c-4a04-87f5-0a27d3fe5b27
36,3d7b870f-cfbe-42ef-af18-1d57e9c1beff
36,4b7244cf-ed11-4876-a604-1ba9da167973
36,4cb370f3-2b1e-4ad4-a97e-f7606eaa2512
36,4d8b2195-6522-4405-bac3-4cb2b84a2dd8
36,4d9fd36a-4869-4633-938b-e94012e8cb13
36,4ffdd380-92a7-4c50-95b7-df59e4031d8c
36,5393195e-0940-41bd-8652-b65905528692
36,5622c29a-e79b-4631-a5cf-15e24fb368ec
36,5f87f569-8650-4487-b88e-485c0a757bbc
36,792678f9-213d-4864-b9b6-4fbaecc0ef12
36,7d6230f0-3062-41fa-8b29-ff6fec6e0429
36,87bb2ba0-b512-4d33-b7ed-a4a9cb8eb06b
36,8e4adeba-8b77-47a7-9088-13420634009e
36,8f8297ce-511e-4482-800d-8b0383648d78
36,90064357-1690-4771-93f8-3e2ead0c1c41
36,90c14454-5017-4207-837c-eb87896c4b43
36,956cef49-0da4-476d-b3ec-e1ab94797594
36,9a8c72e5-7363-4be4-b5bc-cd49d75c91b0
36,9ad9c0b4-9d07-43c9-99ad-8646887f1ee9
36,9f4c1651-42ef-44b5-b5ca-86db47812e27
36,a70924c2-f378-40ef-ad3f-a41abf0793a3
36,af9c50ca-0c07-4887-a263-e47ef819fe19
36,bf05323b-cabc-4d90-b98b-0a10ae4af0ae
36,c429e3ba-d075-4113-ab72-d16834141871
36,ce7b92fe-3a85-4a2f-8413-42fbad0ed361
36,d9c11747-d2e3-47d0-85b7-09b1ec5a0908
36,de54c7bf-4e90-458f-b65c-bfbcfa5ce521
36,e5ad7ca3-56a7-4545-86e4-517b887830bc
36,e5b978b3-882b-45a9-bc93-1400a2aa036d
36,e6578f33-b9d1-4c3f-87f0-f48769293fe8
36,eb3c3fbb-4a97-4b4a-af78-44b9c096382a
36,eb922846-4836-48e9-9f3c-9eac9903b24f
36,ed43d7b9-4142-4349-8e83-e1bc420faefd
36,f10dfbea-abc5-4b0a-b085-55fb4524a5dd
36,f115e0a4-1f8a-4a54-9bfe-585fc6d33d89
36,fae37a05-b9ad-4233-940d-d7771092213a
37,8b07a5cd-4164-4fb9-a89d-42cbf7731601
37,c98a89b4-095d-43c7-bcb2-a06f616cf32a
38,9ba2485b-d08b-44bb-a53c-3d1632a2a4ab
38,f160bb8c-dc48-425d-919c-a0adfe618be8
39,fd1dd866-3bb4-4668-b6e4-678cd426b10b
39,feca6c83-4287-4865-9e3b-f7ca9f04af9e
40,23417cd2-b2ab-4dac-ab1a-e265e513a8c5
40,d8562fbf-7706-4126-a565-5b841c9f8094
41,302e31ca-95b9-4f01-a551-2c6d45e7c91a
41,7aaf7bc4-e4f0-4cf1-a9c5-7f47cb1568f2
42,56bee838-05f2-436b-8851-3bd54bf0f98f
42,6edcb6f8-9345-4eb6-b46f-e6c72b05b032
43,0b076f96-19cc-432b-a2c2-b43be2368067
43,80f88d3f-4481-4d9c-bc20-c718b5f294ff
44,ca123f96-29c7-4b38-a393-418cb4dceb2a
44,faa19141-9deb-417b-af9a-5f9a3bbf90af
45,35799763-785d-423c-a1e2-15c27dde7420
45,5abd7153-d728-42e9-a3a8-88a671164ad0
46,6db08d51-b6f3-43f8-af6b-74eda4c5d0e1
46,b2d5952d-4d27-40ce-b788-d95c95ca705e
47,9396e920-03a9-4494-bebf-b4a5edaa4ae6
47,b030efae-2009-460f-b9a2-b631a20ea415
48,4b7296de-ca88-416d-be22-8e44332524e2
48,4e94cf98-e7bb-4ae7-9dd0-d3ae5b30b555
49,07d9ba5f-92aa-435a-9f4c-635ad0dc6f52
49,42d0ebbd-2b7e-4f06-8ff4-fede8ff84ee5
50,5da04714-a75d-4f94-8874-6bb9260ce69e
50,a48a168b-f895-4988-989d-723e32641f21
51,1556723c-4fc9-451c-b8e6-7eab58da2a0e
51,c44e991d-b76d-484e-b43e-f302645eafe6
52,0fd87083-0bef-4f02-9a71-a40ed7cc0099
52,5527917e-dea6-40f6-885c-6d4a834be49a
53,169e898e-d4c6-46c1-b22d-1bb98f110204
53,383a57dc-6b11-4ced-bbbe-3ce9b0a2aa87
54,6c1bc371-9739-463d-b47a-e510b8e37344
54,ed686879-a831-46bb-b607-e5b3015e14d4
55,5148e391-d016-48e9-8d1a-b642d43e9534
55,e0a7eee9-68df-458a-813e-922a85e4d341
56,080b4843-628e-41c8-a8dd-361e5f3fb753
56,269f68e4-52a1-4f96-8cd2-59fd07e356a2
57,5786f9b7-ff4e-4ff0-880b-afc6004937cc
57,dfcddeef-51ab-421c-b2b8-3fc736bbc3a7
58,4fbdddf9-3062-4d35-bdac-15cad7d8fdf5
58,605e32b9-689a-4865-b695-6178780bb728
59,0b65ebd2-9376-4966-ac6d-3b920edc80d3
59,c8dbc560-339d-468d-9bd0-ee0a8f304d73
60,0efd69c2-06d7-48b5-a20d-e1705eb9c365
60,47dde8ea-f38e-4a63-8c12-ea7f64a3a018
61,57b8014f-34f0-40a3-89a5-b0c94b30f045
61,e7e1a329-a7cc-4042-b777-bfec315e0017
62,296cb540-081d-4fd8-9d31-5c9097f02b25
62,ea7586d5-5a22-4704-be08-2a96154af76e
63,70f8f255-342b-46fa-89a7-a603543964fd
63,f8d2a889-4751-4c55-a256-b8d6bec01cb5
64,12022fc2-39d2-4dc1-905c-d4dbade9137b
64,670f676b-9534-4e22-9a4c-8483a59f09c6
65,9f620993-58e4-4458-b2b3-1c820be5113d
65,cf347ccf-4295-43c9-9c89-0c423c59120d
66,112d0ee1-4975-464c-ab94-fcc543657a46
66,bd0854a3-9a2f-408f-8c0d-89b58354287e
67,39ae64ba-022b-45c4-8693-8d87f444a3a7
67,8e1789c7-a3f5-4a35-82cc-e451fbb697ea
68,523d6cae-4f6f-4d91-a27d-6fa86f180e78
68,da7dadf3-c59a-4e14-8c70-ff7a7baefda3
69,76ec8da4-3834-436b-93b8-a3e2ed619145
69,a46f362b-9e4e-43ee-8c52-d7107a1f3a20
70,922c2493-8846-437a-9e82-957a28dfdf0f
70,e7664035-9711-4e0c-93e9-905b92dad94a
71,6978a4f1-e0fd-442b-9f5d-53370e088210
71,8a21448d-0ad3-4387-84f0-042ee14e0880
72,c57b5821-e40a-4b4b-8802-9cc184870698
72,f6b53e1a-b102-49b0-b7ec-3a729e033034
73,08eb8bf0-189c-48bd-a3da-e63cfbf8fa31
73,d139c4dd-8d5d-4b7c-910f-cdc4b1fddeeb
74,0c208cbc-9a6c-4387-867d-315a386937db
74,0ffe116f-409e-476c-b235-02c8a9bdc2d3
75,366561ad-0070-423e-8595-c60a7cbb004a
75,befad95a-0629-4598-8869-5a11056f4202
76,80a217e8-1ed6-4d09-95f5-f5c996a7bfd7
76,e13bf61b-ade3-49d1-9ba7-d77144bdcc74
77,0b24fbbe-0619-4bec-bc11-190e2fdbe32c
77,35355caa-aa00-4e5a-b6c6-9fb3a14afaef
78,892f91cf-d6e0-4520-b173-2cbf95ff8565
78,a75e6c70-7fe4-4ec0-bdce-30d53e9d037f
79,045ec2f4-bd34-48a8-8d0c-65b2338020d2
79,eb42b950-68cd-4e75-871e-7eb19890416b
80,174a2fd2-39d4-4f02-bd01-66d8a9ab587b
80,6456421f-771e-4309-858c-b43d7b9c3c27
81,8f236b0d-d5d9-44a1-8907-ebf7683d6790
81,b10fc95f-595f-49a0-a681-3be4b9815b0b
82,390f9c09-690e-41f8-9b02-a7da4862b60c
82,ac1fc792-7709-4596-901b-2371f61e09c4
83,49cb8a57-2b03-42a2-9daf-df162cfde911
83,ecb892f6-e7fd-4c10-9310-957c66bd6fa6
84,03b8f15a-a87d-428f-be09-fe501151c464
84,e083f03b-ff0d-4f47-9925-70c8f544e1fd
85,466c262b-af08-4c99-bef1-b4440aea0f4d
85,af37426b-ba04-4471-9ff9-314b1743ff6b
86,5715b3dd-735a-4fde-9cc3-a462454a23d4
86,c0733d94-0bfb-4bf0-85b4-9b7e4774094c
87,6e6fd33f-e075-4fd6-8ba7-b51e6c7a6d83
87,db35a6d5-4012-42ea-983d-c2479be101f1
88,4edc3d1e-12b9-4e5d-8c82-cc4485e61c7d
88,9aa0ed7c-8b8c-46f8-a43a-52640847aa57
89,667e03db-dcf6-4d88-8ef5-a7d3201ab5f8
89,f5e0a66a-be4b-4610-a959-c59442141786
90,4147eef0-eb35-44de-a1c7-89cc8affd6e5
90,bb9ed0ce-6776-4942-b2b9-23de75d42cdd
91,137a58c5-3eff-47e3-be9e-138c713fbb94
91,ca3dbfb6-9a38-47e9-94c1-2224d74e8c3c
92,33d67dcf-73db-478b-9e98-917d30530fe4
92,4cdc975f-d7a1-45e5-9a10-c32e9fb08e49
93,49b9bab1-c444-445b-9868-19ace6853a1b
93,57df38ad-f4f3-4eb9-9add-cc481913d7fa
94,79d72d83-5e98-42a6-8128-23e4946846d6
94,ff238f26-5ea0-42f1-9c77-d2d5044f5c4b
95,48dcc126-10ce-4f46-a1ce-eb34c0d128f4
95,d6f5dcc0-b3ce-4709-943d-ed9de20ef55f
96,9ee03654-cd93-4e66-a9ef-43b4e41dcde5
96,c6fa434e-ecdb-4393-8a3c-358eaa155a9b
97,04fd5c1a-8d03-4634-8b43-a2c196854203
97,d66623a0-be42-4caf-a2ae-b589c5be36c7
98,048555ad-b36c-4afa-b38f-beb9d29c8011
98,ea2540c5-d372-4a0a-8660-d4f7535cadd1
99,07e7fea6-4585-4cf4-b0a7-6f5b56d2b8fc
99,772f0842-ac99-4ba5-b121-9c003460c3b7
100,20811231-f2e6-4fc5-8f12-77d05b42e7a7
100,5b203f22-2e4f-4886-8917-c708a61a4704
101,366baac8-8bfb-4bea-a47a-19e65cab687c
101,c1a1299b-c8af-4172-8535-4a30ee8ae673
102,28699253-b9d8-4e53-8641-579affd0dd1a
102,4d60a96f-1183-4ee8-855c-d6aa6309c435
103,2dd2aee3-a817-4ff5-82d0-bb0588511752
103,c061911e-01bb-4587-8ff3-8f8d761e9389
104,b229bf38-57fc-4a5f-be5c-d1a2c67d4e04
104,c46db0ed-8276-4da4-b353-556414a5fb82
105,45cbeac2-781a-4e2e-a4f6-d6495b4c3728
105,dd01425b-75d3-4ce6-8c61-e39747e2b36f
106,540d26c3-d3c3-42b9-bc0e-6fbb474f2e3c
106,c889c7d7-e04a-4d20-a044-b28112cae77d
107,4d3c0e07-0c18-46fb-9949-79c1c8f222c2
107,928b552f-621a-4e0d-a076-58442bdbe0f3
108,6920dd21-a94e-4a2a-9e3b-74b8ed5123aa
108,9584e5d4-4d47-40c8-a4cb-578420638301
109,3148a490-318a-4566-9a40-4fca52f54b14
109,e408e844-2a7b-4379-9d0f-fe73f5b34326
110,cd30e9f8-103c-4cd4-adbd-e2afefd5f811
110,e89004c6-e004-4eab-98a0-2d3e0c564704
111,438b186f-b5ec-4c3b-9551-a2f254ff35f5
111,b3765e30-0bfd-4652-a9b2-b7afcbb3f881
112,2d2946e7-d6b0-4f61-aa37-350cfccd18da
112,39e36376-9384-4d6f-a5d4-58be773f3833
113,29d2590a-ef0c-4263-9c48-430367f62f22
113,419bc42f-a5a0-4b3a-a4d7-18ec1c1d57bb
114,79221a82-3ac5-44ba-ad44-68e0d2f20ee0
114,c3cd99cc-1b9f-4d9b-926e-4f355ca312e6
115,7bf47c9a-7098-4de1-819d-3078e597d8c2
115,99efc441-1aad-4833-a4b4-49a2d33b62b4
116,38077150-b808-4c31-9193-af3f42e33a8a
116,416a58df-f155-48b0-97b1-fc4b8ba005e1
117,b40add58-8011-4ee4-b0c3-1dba27da48c8
117,fd199762-23ef-4019-9cb4-995dd071aa6f
118,262bf93a-d087-4505-9a48-a140f27ce41f
118,6a688d8e-5087-44a0-a1db-25049239279a
119,74156d11-284b-4bc0-91a1-dee5b1872059
119,fd92bdae-2024-4b3b-ab11-28bbcbb1598e
120,e188f3a5-72b1-40cc-aeba-8e35563aab11
120,eb9c1a74-4ad6-4bb7-8e89-23a40d44db83
121,191ac6b4-df88-4bba-b86d-b423126e4301
121,a85d95bc-79bb-4774-a837-66e1baa91fed
122,4fc9feda-9899-44ec-a298-469d024f1a61
122,6a5fb558-b032-4057-b6a9-165ea036dd62
123,8cd8f8de-db28-487e-bb11-1047e9903930
123,e72df69d-23ab-4f64-b985-08eadc354382
124,d0b36a88-1fb5-497c-b519-aeaf54d1a4ce
124,fe209722-3ca0-4684-8891-2214b62801bc
125,0d9b4af6-a3d0-47ac-8f8a-36ef5fbdf40c
125,53b17a41-fc57-4cb4-a10d-b06e4ea5c1e0
126,3e604e5a-744c-4075-90bd-7d342328fdef
126,8a097ee9-de28-47e4-8b99-b41cf2366fb6
127,ad7a147c-15f7-448f-ada6-08763912045c
127,e336d732-97ca-4491-8c99-4aeaddb754bd
128,504bae1a-f3e8-455b-a26e-51ab25a6adb9
128,6a7ea7df-bd25-4d78-bb3f-afcb5c396d51
129,30eb561e-c4e4-48fb-9a19-5047f0baac05
129,564c15ab-bf59-40ad-81ef-d66d4b58551a
130,4ebc2b99-aaee-4675-ab26-c6751d25cea1
130,7af8ff88-1e1f-4274-87a0-915c9540047f
131,09a13ae2-c306-4322-ab23-18eb65f57977
131,839d9900-cf02-4469-b49a-a41bb9c9d4fc
132,89c26ccf-cc0d-4002-9ee4-4ab51fdf049c
132,a578e4a1-e8ec-497f-a03e-a95a66aeb89c
133,6dd6a055-3992-44b4-ad35-8c1f6a452415
133,d271febd-e0d8-47bd-aeb0-c1610efe4d80
134,06af84f0-49eb-44e1-89ee-0550f1ed5b72
134,bef93e2e-e797-4dad-90be-244c10f92fc8
135,116d5c5a-a932-4deb-86b2-b06a2c2c6fa8
135,1b485acb-16dd-40eb-89fc-def04e150eeb
136,17468df8-8b18-4916-a842-e7b94acb7b2a
136,b0b69b97-8f48-488a-a591-bd690cf9f7af
137,e385d240-55d7-4905-9abf-e43f1723a358
137,f6c16c06-f50c-4e1e-991b-4abb339f19cf
138,71057048-4a47-4abf-adac-5339ca053e19
138,df2ffea0-3cc5-4056-8337-0a6309e22ff2
139,4d1a3834-8166-480d-a2c6-254a37d3354f
139,ae07fe71-7793-4efe-8b19-3c38acd0ec3e
140,174fa9e7-7704-414f-820d-844246977a36
140,f4cfda6d-098e-4a5f-bc42-34a6dabc9e24
141,392f1469-aa47-4af1-a73f-6d62da47316a
142,d4c62d84-0500-40f1-99b6-907ff5ccc191
143,0ac6cd60-0edf-411a-9af0-b876dbd759c0
144,bd06c7af-c6fe-42f3-abbf-9a8e2d8d1935
145,4e197cc9-9129-4a05-b5ef-ac5ff6367a84
146,650f8723-eea7-4403-a80d-27b0d4d759f6
147,8e1a59cd-1d6d-4374-b630-509d96d69c31
148,5a95cc77-b899-4790-b0ff-33d115f77c30
149,aae02397-cde4-4b00-bb5c-52afdd4f0eff
150,d82aa85f-e11d-49c6-b253-29e9e512d86e
151,98b7af9e-8f54-468f-b093-09e2fe1c6864
152,83d78d79-06a6-4bae-bed8-f80e40ff99fd
153,bace2113-d05c-46fe-9dde-6bcee89dc09f
154,90ff86f5-d6cc-4f73-abdf-53ab869ca1d9
155,d33df278-244c-492f-9e04-dcc6714b31bb
156,9d036667-898c-49d7-8c93-0f3443d93949
157,1b04282c-0857-48de-8ea1-f1b5d31a55f1
158,9690a540-21df-469b-812d-7e06c9450102
159,dccc5225-b61b-403d-a779-8cb8c503a0d8
160,8df41b80-2144-4fe1-a75f-6f3313d46a25
